Name,Birth/death dates,File name
Aaron Ben-Ze'ev,born 1949,Aaron_Ben-Ze'ev.txt
Abd al-Latif al-Baghdadi,1162-1231,Abd_al-Latif_al-Baghdadi.txt
Abdolkarim Soroush,born 1945,Abdolkarim_Soroush.txt
Abdullah Laroui,born 1935,Abdullah_Laroui.txt
Abdullah al-Qasemi,1907–1996,Abdullah_al-Qasemi.txt
Abhinavagupta,fl. c. 975–1025,Abhinavagupta.txt
Abner of Burgos,c. 1270 – c. 1347,Abner_of_Burgos.txt
Abraham Cohen de Herrera,1562–1635,Abraham_Cohen_de_Herrera.txt
Abraham Joshua Heschel,1907–1972,Abraham_Joshua_Heschel.txt
Abraham Tucker,1705–1774,Abraham_Tucker.txt
Abraham bar Hiyya Ha-Nasi,1070–1136,Abraham_bar_Hiyya_Ha-Nasi.txt
Abraham ben Moses Maimonides,1186–1237,Abraham_ben_Moses_Maimonides.txt
Abraham ibn Ezra,1092/3–1167,Abraham_ibn_Ezra.txt
Abu Bakr Muhammad ibn Zakariyya al-Razi,865–925,Abu_Bakr_Muhammad_ibn_Zakariyya_al-Razi.txt
Abu Sulayman Muhammad al-Sijistani,c. 932 – c. 1000,Abu_Sulayman_Muhammad_al-Sijistani.txt
Abu'l Hasan Muhammad Ibn Yusuf al-'Amiri,died 992,Abu'l_Hasan_Muhammad_Ibn_Yusuf_al-'Amiri.txt
Adam Ferguson,1723–1816,Adam_Ferguson.txt
Adam Smith,1723–1790,Adam_Smith.txt
Adam de Wodeham,1298–1358,Adam_de_Wodeham.txt
Adelard of Bath,12th century,Adelard_of_Bath.txt
Adi Shankara,788–820,Adi_Shankara.txt
Adolf Grunbaum,1923–2018,Adolf_Grunbaum.txt
Adolf Reinach,1883–1917,Adolf_Reinach.txt
Adolf von Harnack,1851–1930,Adolf_von_Harnack.txt
Adolfo Sánchez Vázquez,1915–2011,Adolfo_Sánchez_Vázquez.txt
Aenesidemus,1st century BC,Aenesidemus.txt
Afrikan Spir,1837–1890,Afrikan_Spir.txt
Agostino Nifo,1470–1538,Agostino_Nifo.txt
Agrippa the Sceptic,1st/2nd century,Agrippa_the_Sceptic.txt
Akos Pauler,1876–1933,Akos_Pauler.txt
Aksapada Gautama,c. 2nd century BC,Aksapada_Gautama.txt
Al-Farabi,870–950,Al-Farabi.txt
Al-Ghazali,1058–1111,Al-Ghazali.txt
Al-Juwayni,1028–1085,Al-Juwayni.txt
Al-Kindi,801–873,Al-Kindi.txt
Alain Badiou,born 1937,Alain_Badiou.txt
Alain LeRoy Locke,1885–1954,Alain_LeRoy_Locke.txt
Alan Gewirth,1912–2004,Alan_Gewirth.txt
Alan R. White,1922–1992,Alan_R._White.txt
Alan Ross Anderson,1925–1973,Alan_Ross_Anderson.txt
Alan Turing,1912–1954,Alan_Turing.txt
Alan Watts,1915–1973,Alan_Watts.txt
Alasdair MacIntyre,born 1929,Alasdair_MacIntyre.txt
Alastair Hannay,born 1932,Alastair_Hannay.txt
Albert Camus,1913–1960,Albert_Camus.txt
Albert Einstein,1879–1955,Albert_Einstein.txt
Albert Schweitzer,1875–1965,Albert_Schweitzer.txt
Albert Venn Dicey,1835–1922,Albert_Venn_Dicey.txt
Albert of Saxony (philosopher),c. 1316–1390,Albert_of_Saxony_(philosopher).txt
Albertus Magnus,1193?–1280,Albertus_Magnus.txt
Alcinous (philosopher),2nd century,Alcinous_(philosopher).txt
Alcmaeon of Croton,5th century BC,Alcmaeon_of_Croton.txt
Alejandro Deustua,1849–1945,Alejandro_Deustua.txt
Alejandro Korn,1860–1936,Alejandro_Korn.txt
Aleksei Losev,1893–1988,Aleksei_Losev.txt
Aleksei N. Leontiev,1903–1979,Aleksei_N._Leontiev.txt
Aleksey Khomyakov,1804–1860,Aleksey_Khomyakov.txt
Alexander Bain (philosopher),1818–1903,Alexander_Bain_(philosopher).txt
Alexander Bogdanov,1873–1928,Alexander_Bogdanov.txt
Alexander Bryan Johnson,1786–1867,Alexander_Bryan_Johnson.txt
Alexander Crummell,1819–1898,Alexander_Crummell.txt
Alexander Gerard,1728–1795,Alexander_Gerard.txt
Alexander Gottlieb Baumgarten,1714–1762,Alexander_Gottlieb_Baumgarten.txt
Alexander Herzen,1812–1870,Alexander_Herzen.txt
Alexander Neckam,1157–1217,Alexander_Neckam.txt
Alexander Pfänder,1870–1941,Alexander_Pfänder.txt
Alexander Pope,1688–1744,Alexander_Pope.txt
Alexander of Aphrodisias,2nd century,Alexander_of_Aphrodisias.txt
Alexander of Hales,died 1245,Alexander_of_Hales.txt
Alexandre Kojève,1902–1968,Alexandre_Kojève.txt
Alexandre Koyre,1892–1964,Alexandre_Koyre.txt
Alexis de Tocqueville,1805–1859,Alexis_de_Tocqueville.txt
Alexius Meinong,1853–1920,Alexius_Meinong.txt
Alf Niels Christian Ross,1899–1979,Alf_Niels_Christian_Ross.txt
Alfred Adler,1870–1937,Alfred_Adler.txt
Alfred Ayer,1910–1989,Alfred_Ayer.txt
Alfred Binet,1857–1911,Alfred_Binet.txt
Alfred Jules Émile Fouillée,1838–1922,Alfred_Jules_Émile_Fouillée.txt
Alfred Loisy,1857–1940,Alfred_Loisy.txt
Alfred North Whitehead,1861–1947,Alfred_North_Whitehead.txt
Alfred Russel Wallace,1823–1913,Alfred_Russel_Wallace.txt
Alfred Schütz,1899–1959,Alfred_Schütz.txt
Alfred Tarski,1901–1983,Alfred_Tarski.txt
Allama Tabatabai,1903–1981,Allama_Tabatabai.txt
Allan Gibbard,born 1942,Allan_Gibbard.txt
Alonzo Church,1903–1995,Alonzo_Church.txt
Alvin Goldman,born 1938,Alvin_Goldman.txt
Alvin Plantinga,born 1932,Alvin_Plantinga.txt
Alyaksandr Tsvikievich,1888–1937,Alyaksandr_Tsvikievich.txt
Amartya Sen,born 1933,Amartya_Sen.txt
Ambrose,c. 340–397,Ambrose.txt
Ammonius Hermiae,5th century,Ammonius_Hermiae.txt
Ammonius Saccas,3rd century,Ammonius_Saccas.txt
Amílcar Cabral,1924–1973,Amílcar_Cabral.txt
Anatoliy Lunacharskiy,1875–1933,Anatoliy_Lunacharskiy.txt
Anaxagoras,died 462 BC,Anaxagoras.txt
Anaxarchus,[[floruit|fl.]] 340 BC,Anaxarchus.txt
Anaximander,c. 610 BC–c. 546 BC,Anaximander.txt
Anaximenes of Miletus,6th century BC,Anaximenes_of_Miletus.txt
Anders Nygren,1890–1978,Anders_Nygren.txt
Ando Shoeki,1703–1762,Ando_Shoeki.txt
Andrew Feenberg,born 1943,Andrew_Feenberg.txt
Andrew Seth Pringle-Pattison,1856–1931,Andrew_Seth_Pringle-Pattison.txt
Andronicus of Rhodes,c. 70 BC,Andronicus_of_Rhodes.txt
André Gorz,1923–2007,André_Gorz.txt
André Lalande (philosopher),1867–1964,André_Lalande_(philosopher).txt
André Malraux,1901–1976,André_Malraux.txt
André-Marie Ampère,1775–1836,André-Marie_Ampère.txt
Angela Davis,born 1944,Angela_Davis.txt
Anicius Manlius Severinus Boethius,AD 480–524/525,Anicius_Manlius_Severinus_Boethius.txt
Ann Ferguson,born 1938,Ann_Ferguson.txt
Anna J. Cooper,1858–1964,Anna_J._Cooper.txt
Anna Maria van Schurman,1607–1678,Anna_Maria_van_Schurman.txt
Anne Louise Germaine de Staël,1766–1817,Anne_Louise_Germaine_de_Staël.txt
Annette Baier,1929–2012,Annette_Baier.txt
Anniceris,fl. 300 BC,Anniceris.txt
Anselm of Canterbury,1034–1109,Anselm_of_Canterbury.txt
Antero de Quental,1842–1891,Antero_de_Quental.txt
"Anthony Ashley-Cooper, 3rd Earl of Shaftesbury",1671–1713,"Anthony_Ashley-Cooper,_3rd_Earl_of_Shaftesbury.txt"
Anthony Collins,1676–1729,Anthony_Collins.txt
Anthony Kenny,born 1931,Anthony_Kenny.txt
Anthony Quinton,1925–2010,Anthony_Quinton.txt
Antiochus of Ascalon,c. 130–68 BC,Antiochus_of_Ascalon.txt
Antiphon (person),480–403 BC,Antiphon_(person).txt
Antisthenes,c. 444–365,Antisthenes.txt
Antoine Arnauld,1612–1694,Antoine_Arnauld.txt
Antoine Augustin Cournot,1801–1877,Antoine_Augustin_Cournot.txt
Antoine Destutt de Tracy,1754–1836,Antoine_Destutt_de_Tracy.txt
Antoine Lavoisier,1743–1794,Antoine_Lavoisier.txt
Antoine Le Grand,1629–1699,Antoine_Le_Grand.txt
Anton Marty,1847–1914,Anton_Marty.txt
Anton Wilhelm Amo,1703–c. 1759,Anton_Wilhelm_Amo.txt
Antonie Pannekoek,1873–1960,Antonie_Pannekoek.txt
Antonin Scalia,1936–2016,Antonin_Scalia.txt
Antonio Aliotta,1881–1964,Antonio_Aliotta.txt
Antonio Banfi,1886–1957,Antonio_Banfi.txt
Antonio Caso,1883–1946,Antonio_Caso.txt
Antonio Genovesi,1712–1769,Antonio_Genovesi.txt
Antonio Gramsci,1891–1937,Antonio_Gramsci.txt
Antonio Labriola,1843–1904,Antonio_Labriola.txt
Antonio Negri,born 1933,Antonio_Negri.txt
Antonio Rosmini-Serbati,1797–1855,Antonio_Rosmini-Serbati.txt
Apuleius,c. 123–c. 180,Apuleius.txt
Arcesilaus,316–241 BC,Arcesilaus.txt
Archibald Alison (Scottish author),1757–1839,Archibald_Alison_(Scottish_author).txt
Archytas,428–347 BC,Archytas.txt
Aristippus,c. 435–366 BC,Aristippus.txt
Aristo of Chios,fl. 250 BC,Aristo_of_Chios.txt
Aristotle,384 BC–322 BC,Aristotle.txt
Arius,256–336,Arius.txt
Arne Næss,1912–2009,Arne_Næss.txt
Arnold Gehlen,1904–1976,Arnold_Gehlen.txt
Arnold Geulincx,1624–1669,Arnold_Geulincx.txt
Arnold Ruge,1802–1880,Arnold_Ruge.txt
Aron Gurwitsch,1901–1973,Aron_Gurwitsch.txt
Arthur Balfour,1848–1930,Arthur_Balfour.txt
Arthur Collier,1680–1732,Arthur_Collier.txt
Arthur Danto,1924–2013,Arthur_Danto.txt
Arthur Edward Murphy,1901–1962,Arthur_Edward_Murphy.txt
Arthur M. Young,1905–1995,Arthur_M._Young.txt
Arthur Oncken Lovejoy,1873–1962,Arthur_Oncken_Lovejoy.txt
Arthur Prior,1914–1969,Arthur_Prior.txt
Arthur Schopenhauer,1788–1860,Arthur_Schopenhauer.txt
Arthur Stanley Eddington,1882–1944,Arthur_Stanley_Eddington.txt
Arthur de Gobineau,1816–1882,Arthur_de_Gobineau.txt
Asa Gray,1810–1888,Asa_Gray.txt
Asher Ginsberg,1856–1927,Asher_Ginsberg.txt
Assi Rahbani,1923–1986,Assi_Rahbani.txt
Athanasius of Alexandria,298–373,Athanasius_of_Alexandria.txt
August Cieszkowski,1814–1894,August_Cieszkowski.txt
August Wilhelm Rehberg,1757–1836,August_Wilhelm_Rehberg.txt
August Wilhelm Schlegel,1767–1845,August_Wilhelm_Schlegel.txt
Auguste Comte,1798–1857,Auguste_Comte.txt
Augustine of Hippo,354–430,Augustine_of_Hippo.txt
Augustus De Morgan,1806–1871,Augustus_De_Morgan.txt
Austin Marsden Farrer,1904–1968,Austin_Marsden_Farrer.txt
Averroes,1126–1198,Averroes.txt
Avicenna,980–1037,Avicenna.txt
Avital Ronell,born 1952,Avital_Ronell.txt
Ayn Rand,1905–1982,Ayn_Rand.txt
B. F. Skinner,1904–1990,B._F._Skinner.txt
B. R. Ambedkar,1891–1956,B._R._Ambedkar.txt
Bahya ibn Paquda,1040–1110,Bahya_ibn_Paquda.txt
Baltasar Gracián y Morales,1601–1658,Baltasar_Gracián_y_Morales.txt
Baron d'Holbach,1723–1789,Baron_d'Holbach.txt
Baroness Mary Warnock,1924–2019,Baroness_Mary_Warnock.txt
Barry Smith (academic),born 1952,Barry_Smith_(academic).txt
Barry Stroud,1935–2019,Barry_Stroud.txt
Bartholomew Keckermann,1571–1609,Bartholomew_Keckermann.txt
Bartolomé de Medina,1527–1580,Bartolomé_de_Medina.txt
Bartolus de Saxoferrato,1313–1357,Bartolus_de_Saxoferrato.txt
Baruch Spinoza,1632–1677,Baruch_Spinoza.txt
Bas C. van Fraassen,born 1941,Bas_C._van_Fraassen.txt
Basilides,c. 117–138,Basilides.txt
Benedetto Croce,1866–1952,Benedetto_Croce.txt
Benjamin Constant,1767–1830,Benjamin_Constant.txt
Benjamin Fondane,1898–1944,Benjamin_Fondane.txt
Benjamin Franklin,1706–1790,Benjamin_Franklin.txt
Benjamin Peirce,1809–1880,Benjamin_Peirce.txt
Benjamin Tucker,1854–1939,Benjamin_Tucker.txt
Benjamin Whichcote,1609–1683,Benjamin_Whichcote.txt
Benoît de Maillet,1656–1738,Benoît_de_Maillet.txt
Bernard Bolzano,1781–1848,Bernard_Bolzano.txt
Bernard Bosanquet (philosopher),1848–1923,Bernard_Bosanquet_(philosopher).txt
Bernard Delfgaauw,1912–1993,Bernard_Delfgaauw.txt
Bernard Lonergan,1904–1984,Bernard_Lonergan.txt
Bernard Silvestris,1147–1178,Bernard_Silvestris.txt
Bernard Williams,1929–2003,Bernard_Williams.txt
Bernard de Mandeville,1670–1733,Bernard_de_Mandeville.txt
Bernard le Bovier de Fontenelle,1657–1757,Bernard_le_Bovier_de_Fontenelle.txt
Bernard of Chartres,died 1130,Bernard_of_Chartres.txt
Bernard of Clairvaux,1090–1153,Bernard_of_Clairvaux.txt
Bernardino Telesio,1509–1588,Bernardino_Telesio.txt
Bernhard Riemann,1826–1866,Bernhard_Riemann.txt
Bertrand Russell,1872–1970,Bertrand_Russell.txt
Bessarion,1403–1472,Bessarion.txt
Bhartrhari,5th century,Bhartrhari.txt
Blaise Pascal,1623–1662,Blaise_Pascal.txt
Blasius of Parma,1345–1416,Blasius_of_Parma.txt
Boetius of Dacia,c. 1240–c. 1280,Boetius_of_Dacia.txt
Bonaventure,1221–1274,Bonaventure.txt
Borden Parker Bowne,1847–1910,Borden_Parker_Bowne.txt
Boris Chicherin,1828–1904,Boris_Chicherin.txt
Brand Blanshard,1892–1987,Brand_Blanshard.txt
Branislav Petronijević,1875–1954,Branislav_Petronijević.txt
Brian Barry,1936–2009,Brian_Barry.txt
Bruno Bauer,1809–1882,Bruno_Bauer.txt
Bruno Latour,born 1947,Bruno_Latour.txt
Bruno de Finetti,1906–1985,Bruno_de_Finetti.txt
Buddhaghosa,5th century,Buddhaghosa.txt
C. D. Broad,1887–1971,C._D._Broad.txt
C. Lloyd Morgan,1852–1936,C._Lloyd_Morgan.txt
C. S. Lewis,1898–1963,C._S._Lewis.txt
Caio Prado Júnior,1907–1990,Caio_Prado_Júnior.txt
Calcidius,4th century,Calcidius.txt
Callicles,late 5th century BC,Callicles.txt
Carl Gustav Carus,1789–1869,Carl_Gustav_Carus.txt
Carl Gustav Hempel,1905–1997,Carl_Gustav_Hempel.txt
Carl Jung,1875–1961,Carl_Jung.txt
Carl Linnaeus,1707–1778,Carl_Linnaeus.txt
Carl Schmitt,1888–1985,Carl_Schmitt.txt
Carl Stumpf,1848–1936,Carl_Stumpf.txt
Carl Vogt,1817–1895,Carl_Vogt.txt
Carlo Cattaneo,1801–1869,Carlo_Cattaneo.txt
Carlo Rosselli,1899–1937,Carlo_Rosselli.txt
Carlos Cossio,1903–1987,Carlos_Cossio.txt
Carneades,c. 214–129 BC,Carneades.txt
Catharine Macaulay,1731–1791,Catharine_Macaulay.txt
Catherine Clément,born 1939,Catherine_Clément.txt
Catherine Trotter Cockburn,1679–1749,Catherine_Trotter_Cockburn.txt
Celsus,2nd century,Celsus.txt
"Cesare, Marquis of Beccaria",1738–1794,"Cesare,_Marquis_of_Beccaria.txt"
Ch'ien Mu,1895–1990,Ch'ien_Mu.txt
Chanakya,321–296 BC,Chanakya.txt
Chang Hsueh-ch'eng,1738–1801,Chang_Hsueh-ch'eng.txt
Chang Tsai,1020–1077,Chang_Tsai.txt
Charles Babbage,1791–1871,Charles_Babbage.txt
Charles Batteux,1713–1780,Charles_Batteux.txt
Charles Bernard Renouvier,1815–1903,Charles_Bernard_Renouvier.txt
Charles Blount (deist),1654–1693,Charles_Blount_(deist).txt
Charles Bonnet,1720–1793,Charles_Bonnet.txt
Charles Darwin,1809–1882,Charles_Darwin.txt
Charles Fourier,1772–1837,Charles_Fourier.txt
Charles Hartshorne,1897–2000,Charles_Hartshorne.txt
Charles Leslie Stevenson,1908–1979,Charles_Leslie_Stevenson.txt
Charles Sanders Peirce,1839–1914,Charles_Sanders_Peirce.txt
Charles Secrétan,1815–1895,Charles_Secrétan.txt
Charles Taylor (philosopher),born 1931,Charles_Taylor_(philosopher).txt
"Charles de Secondat, Baron de Montesquieu",1689–1755,"Charles_de_Secondat,_Baron_de_Montesquieu.txt"
Chauncey Wright,1830–1875,Chauncey_Wright.txt
Cheng Hao,1032–1085,Cheng_Hao.txt
Cheng Hsuan,127–200,Cheng_Hsuan.txt
Cheng Yi (philosopher),1033–1107,Cheng_Yi_(philosopher).txt
Chia Yi,201–169 BC,Chia_Yi.txt
Chih Tun,314–366,Chih_Tun.txt
Chou Tun-Yi,1017–1073,Chou_Tun-Yi.txt
Christiaan Huygens,1629–1695,Christiaan_Huygens.txt
Christian August Crusius,1715–1775,Christian_August_Crusius.txt
Christian Friedrich Hebbel,1813–1863,Christian_Friedrich_Hebbel.txt
Christian Garve,1742–1798,Christian_Garve.txt
Christian Hermann Weisse,1801–1866,Christian_Hermann_Weisse.txt
Christian Thomasius,1655–1728,Christian_Thomasius.txt
Christian Wolff (philosopher),1679–1754,Christian_Wolff_(philosopher).txt
Christian von Ehrenfels,1856–1932,Christian_von_Ehrenfels.txt
Christine de Pizan,c. 1365 – c. 1430,Christine_de_Pizan.txt
Christoph Friedrich Nicolai,1733–1811,Christoph_Friedrich_Nicolai.txt
Christopher Jacob Boström,1797–1866,Christopher_Jacob_Boström.txt
Christopher Peacocke,born 1950,Christopher_Peacocke.txt
Chrysippus,279–207 BC,Chrysippus.txt
Cicero,106 BC–43 BC,Cicero.txt
Clarembald of Arras,1110–1187,Clarembald_of_Arras.txt
Clarence Irving Lewis,1883–1964,Clarence_Irving_Lewis.txt
Claude Adrien Helvétius,1715–1771,Claude_Adrien_Helvétius.txt
Claude Bernard,1813–1878,Claude_Bernard.txt
Claude Buffier,1661–1737,Claude_Buffier.txt
"Claude Henri de Rouvroy, Comte de Saint-Simon",1760–1825,"Claude_Henri_de_Rouvroy,_Comte_de_Saint-Simon.txt"
Claude Lefort,1924–2010,Claude_Lefort.txt
Claude Lévi-Strauss,1908–2009,Claude_Lévi-Strauss.txt
Claudia Card,1940–2015,Claudia_Card.txt
Cleanthes,301–232 BC,Cleanthes.txt
Clement of Alexandria,2nd–3rd century,Clement_of_Alexandria.txt
Cleomedes,2nd century,Cleomedes.txt
Colin McGinn,born 1950,Colin_McGinn.txt
Colin Wilson,1931–2013,Colin_Wilson.txt
Comenius,1592–1670,Comenius.txt
Confucius,551 BC–479 BC,Confucius.txt
Constance Jones,1848–1922,Constance_Jones.txt
Conyers Middleton,1683–1750,Conyers_Middleton.txt
Cornel West,born 1953,Cornel_West.txt
Cornelius Castoriadis,1922–1997,Cornelius_Castoriadis.txt
Costanzo Preve,1943–2013,Costanzo_Preve.txt
Cotton Mather,1663–1728,Cotton_Mather.txt
Cratylus,c. 400 BC,Cratylus.txt
Crispin Sartwell,born 1958,Crispin_Sartwell.txt
Crispin Wright,born 1942,Crispin_Wright.txt
Curt Ducasse,1881–1969,Curt_Ducasse.txt
Cyrano de Bergerac (writer),1619–1655,Cyrano_de_Bergerac_(writer).txt
D. Hugh Mellor,1938–2020,D._Hugh_Mellor.txt
Dagfinn Føllesdal,born 1932,Dagfinn_Føllesdal.txt
Damaris Cudworth Masham,1659–1708,Damaris_Cudworth_Masham.txt
Damascius,c. 462–540,Damascius.txt
Daniel Dennett,born 1942,Daniel_Dennett.txt
Daniel Raymond,1786–1849,Daniel_Raymond.txt
Dante Alighieri,1265–1321,Dante_Alighieri.txt
Dariush Shayegan,1935–2018,Dariush_Shayegan.txt
Daryush Shokof,born 1954,Daryush_Shokof.txt
David Baumgardt,1890–1963,David_Baumgardt.txt
David Bohm,1917–1992,David_Bohm.txt
David Fordyce,1711–1751,David_Fordyce.txt
David Friedrich Strauss,1808–1874,David_Friedrich_Strauss.txt
David Gauthier,born 1932,David_Gauthier.txt
David H.M. Brooks,1950-1996,David_H.M._Brooks.txt
David Hartley (philosopher),1705–1757,David_Hartley_(philosopher).txt
David Hilbert,1862–1943,David_Hilbert.txt
David Hume,1711–1776,David_Hume.txt
David Ibn Merwan Al-Mukammas,died 937,David_Ibn_Merwan_Al-Mukammas.txt
David Kaplan (philosopher),born 1933,David_Kaplan_(philosopher).txt
David Lewis (philosopher),1941–2001,David_Lewis_(philosopher).txt
David Malet Armstrong,1926–2014,David_Malet_Armstrong.txt
David Papineau,born 1947,David_Papineau.txt
David Pears,1921–2009,David_Pears.txt
David Ricardo,1772–1823,David_Ricardo.txt
David Stove,1927–1994,David_Stove.txt
David Sztybel,born 1967,David_Sztybel.txt
David Wiggins,born 1933,David_Wiggins.txt
David of Dinant,12th century,David_of_Dinant.txt
David the Invincible,late 6th century,David_the_Invincible.txt
Debendranath Tagore,1817–1905,Debendranath_Tagore.txt
Democritus,460–370 BC,Democritus.txt
Denis Diderot,1713–1784,Denis_Diderot.txt
Denys the Carthusian,1402–1471,Denys_the_Carthusian.txt
Derek Parfit,1942–2017,Derek_Parfit.txt
Desiderius Erasmus,1466–1536,Desiderius_Erasmus.txt
Dewi Zephaniah Phillips,1934–2006,Dewi_Zephaniah_Phillips.txt
Dharmakirti,c. 7th century,Dharmakirti.txt
Dietrich Bonhoeffer,1906–1945,Dietrich_Bonhoeffer.txt
Dietrich of Freiberg,13th century,Dietrich_of_Freiberg.txt
Dignaga,c. 480–c. 540,Dignaga.txt
Dimitri Pisarev,1840–1868,Dimitri_Pisarev.txt
Dimitri Uznadze,1886–1950,Dimitri_Uznadze.txt
Diodorus Cronus,3rd century BC,Diodorus_Cronus.txt
Diogenes Laërtius,3rd century,Diogenes_Laërtius.txt
Diogenes of Apollonia,c. 460 BC,Diogenes_of_Apollonia.txt
Diogenes of Babylon,c. 230–c. 150/140 BC,Diogenes_of_Babylon.txt
Diogenes of Oenoanda,2nd century,Diogenes_of_Oenoanda.txt
Diogenes of Sinope,412–323 BC,Diogenes_of_Sinope.txt
Dirk Benedict,born 1945,Dirk_Benedict.txt
Dogen,1200–1253,Dogen.txt
Domenico Losurdo,1941–2018,Domenico_Losurdo.txt
Domingo Báñez,1528–1604,Domingo_Báñez.txt
Domingo de Soto,1494–1560,Domingo_de_Soto.txt
Donald Cary Williams,1899–1983,Donald_Cary_Williams.txt
Donald Davidson (philosopher),1917–2003,Donald_Davidson_(philosopher).txt
Dong Zhongshu,c. 176–c. 104,Dong_Zhongshu.txt
Dorothy Maud Wrinch,1894–1976,Dorothy_Maud_Wrinch.txt
Dugald Stewart,1753–1828,Dugald_Stewart.txt
Duns Scotus,c. 1266–1308,Duns_Scotus.txt
Durandus of St. Pourçain,c. 1275–1334,Durandus_of_St._Pourçain.txt
Désiré-Joseph Mercier,1851–1926,Désiré-Joseph_Mercier.txt
Edgar Morin,born 1921,Edgar_Morin.txt
Edgar S. Brightman,1884–1953,Edgar_S._Brightman.txt
Edith Stein,1891–1942,Edith_Stein.txt
Edmund Burke,1729–1797,Edmund_Burke.txt
Edmund Gettier,1927–2021,Edmund_Gettier.txt
Edmund Gurney,1847–1888,Edmund_Gurney.txt
Edmund Husserl,1859–1938,Edmund_Husserl.txt
Edmund Montgomery,1835–1911,Edmund_Montgomery.txt
Edouard Le Roy,1870–1954,Edouard_Le_Roy.txt
Eduard Bernstein,1850–1932,Eduard_Bernstein.txt
Eduard Hanslick,1825–1904,Eduard_Hanslick.txt
Eduard Von Hartmann,1842–1906,Eduard_Von_Hartmann.txt
Eduard Zeller,1814–1908,Eduard_Zeller.txt
Eduardo Rabossi,1930–2005,Eduardo_Rabossi.txt
Edvard Westermarck,1862–1939,Edvard_Westermarck.txt
Edward Bullough,1880–1934,Edward_Bullough.txt
Edward Caird,1835–1908,Edward_Caird.txt
Edward Carpenter,1844–1929,Edward_Carpenter.txt
Edward Gibbon,1737–1794,Edward_Gibbon.txt
"Edward Herbert, 1st Baron Herbert of Cherbury",1583–1648,"Edward_Herbert,_1st_Baron_Herbert_of_Cherbury.txt"
Edward N. Zalta,born 1952,Edward_N._Zalta.txt
Edward Stachura,1937–1979,Edward_Stachura.txt
Edwin Holt,1873–1946,Edwin_Holt.txt
Ehrenfried Walther von Tschirnhaus,1651–1708,Ehrenfried_Walther_von_Tschirnhaus.txt
Eli Siegel,1902–1978,Eli_Siegel.txt
Elihu Palmer,1764–1806,Elihu_Palmer.txt
Elijah Delmedigo,1460–1497,Elijah_Delmedigo.txt
"Elisabeth of Bohemia, Princess Palatine",1618–1680,"Elisabeth_of_Bohemia,_Princess_Palatine.txt"
Elliott Sober,born 1948,Elliott_Sober.txt
Emanuel Swedenborg,1688–1772,Emanuel_Swedenborg.txt
Emerich de Vattel,1714–1767,Emerich_de_Vattel.txt
Emil Brunner,1889–1966,Emil_Brunner.txt
Emil Cioran,1911–1995,Emil_Cioran.txt
Emil Fackenheim,1916–2003,Emil_Fackenheim.txt
Emil Leon Post,1897–1954,Emil_Leon_Post.txt
Emil du Bois-Reymond,1818–1896,Emil_du_Bois-Reymond.txt
Emile Boutroux,1845–1921,Emile_Boutroux.txt
Emile Meyerson,1859–1933,Emile_Meyerson.txt
Emmanuel Levinas,1906–1995,Emmanuel_Levinas.txt
Emmanuel Mounier,1905–1950,Emmanuel_Mounier.txt
Empedocles,490 BC–430 BC,Empedocles.txt
Enrique Dussel,born 1934,Enrique_Dussel.txt
Enrique Molina Garmendia,1871–1962,Enrique_Molina_Garmendia.txt
Epicharmus,c. 540–450 BC,Epicharmus.txt
Epictetus,AD 55–c. 135,Epictetus.txt
Epicurus,341 BC–270 BC,Epicurus.txt
Erasmus Darwin,1731–1802,Erasmus_Darwin.txt
Eric Voegelin,1901–1985,Eric_Voegelin.txt
Erich Fromm,1900–1980,Erich_Fromm.txt
Ernest Nagel,1901–1985,Ernest_Nagel.txt
Ernest Sosa,born 1940,Ernest_Sosa.txt
Ernest Wamba dia Wamba,1942–2020,Ernest_Wamba_dia_Wamba.txt
Ernesto Che Guevara,1928–1967,Ernesto_Che_Guevara.txt
Ernesto Laclau,1935–2014,Ernesto_Laclau.txt
Ernst Bloch (philosopher),1885–1977,Ernst_Bloch_(philosopher).txt
Ernst Cassirer,1874–1945,Ernst_Cassirer.txt
Ernst Haeckel,1834–1919,Ernst_Haeckel.txt
Ernst Jünger,1895–1998,Ernst_Jünger.txt
Ernst Laas,1837–1885,Ernst_Laas.txt
Ernst Mach,1838–1916,Ernst_Mach.txt
Ernst Mally,1879–1944,Ernst_Mally.txt
Ernst Mayr,1904–2005,Ernst_Mayr.txt
Ernst Troeltsch,1865–1923,Ernst_Troeltsch.txt
Ernst Tugendhat,born 1930,Ernst_Tugendhat.txt
Ernst Zermelo,1871–1953,Ernst_Zermelo.txt
Errico Malatesta,1853–1932,Errico_Malatesta.txt
Erwin Rohde,1845–1898,Erwin_Rohde.txt
Erwin Schrödinger,1887–1961,Erwin_Schrödinger.txt
Eudoxus of Cnidus,410/408 BC–355 or 347 BC,Eudoxus_of_Cnidus.txt
Eugen Dühring,1833–1921,Eugen_Dühring.txt
Eugen Fink,1905–1975,Eugen_Fink.txt
Eugen Rosenstock-Huessy,1888–1973,Eugen_Rosenstock-Huessy.txt
Eusebius of Caesarea,264–339,Eusebius_of_Caesarea.txt
Evald Vassilievich Ilyenkov,1924–1979,Evald_Vassilievich_Ilyenkov.txt
Evander Bradley McGilvary,1864–1953,Evander_Bradley_McGilvary.txt
F. C. S. Schiller,1864–1937,F._C._S._Schiller.txt
F. H. Bradley,1846–1924,F._H._Bradley.txt
Fakhr al-Din al-Razi,1149–1209,Fakhr_al-Din_al-Razi.txt
Fazang,643–712,Fazang.txt
Felix Krueger,1874–1948,Felix_Krueger.txt
Felix Ravaisson-Mollien,1813–1900,Felix_Ravaisson-Mollien.txt
Felix Weltsch,1884–1964,Felix_Weltsch.txt
Feng Youlan,1895–1990,Feng_Youlan.txt
Ferdinand Lassalle,1825–1864,Ferdinand_Lassalle.txt
Ferdinand de Saussure,1857–1913,Ferdinand_de_Saussure.txt
Fernando Savater,born 1947,Fernando_Savater.txt
Florian Znaniecki,1882–1958,Florian_Znaniecki.txt
Francesco Bonatelli,1830–1911,Francesco_Bonatelli.txt
Francesco Patrizi da Cherso,1529–1597,Francesco_Patrizi_da_Cherso.txt
Francesco Silvestri,1474–1528,Francesco_Silvestri.txt
Francesco de Sanctis (critic),1817–1883,Francesco_de_Sanctis_(critic).txt
Francis Bacon,1561–1626,Francis_Bacon.txt
Francis Hutcheson (philosopher),1694–1746,Francis_Hutcheson_(philosopher).txt
Francis Parker Yockey,1917–1960,Francis_Parker_Yockey.txt
Francis of Marchia,ca. 1290–ca. 1344,Francis_of_Marchia.txt
Francis of Meyronnes,1285–1328,Francis_of_Meyronnes.txt
Francisco Romero (philosopher),1891–1962,Francisco_Romero_(philosopher).txt
Francisco Sanches,1551–1623,Francisco_Sanches.txt
Francisco Suárez,1548–1617,Francisco_Suárez.txt
Francisco Varela,1946–2001,Francisco_Varela.txt
Francisco de Vitoria,1492–1546,Francisco_de_Vitoria.txt
Franciscus Mercurius van Helmont,1614–1698,Franciscus_Mercurius_van_Helmont.txt
Franciscus Toletus,1515–1584,Franciscus_Toletus.txt
Frank Cameron Jackson,born 1943,Frank_Cameron_Jackson.txt
Frank P. Ramsey,1903–1930,Frank_P._Ramsey.txt
Frans Hemsterhuis,1721–1790,Frans_Hemsterhuis.txt
Frantz Fanon,1925–1961,Frantz_Fanon.txt
Franz Brentano,1838–1917,Franz_Brentano.txt
Franz Jakubowski,1912–1970,Franz_Jakubowski.txt
Franz Kafka,1883–1924,Franz_Kafka.txt
Franz Rosenzweig,1886–1929,Franz_Rosenzweig.txt
Franz Xaver von Baader,1765–1841,Franz_Xaver_von_Baader.txt
François Bernier,1620–1688,François_Bernier.txt
François Poullain de la Barre,1647–1723,François_Poullain_de_la_Barre.txt
François Rabelais,1493–1553,François_Rabelais.txt
François de La Mothe Le Vayer,1588–1672,François_de_La_Mothe_Le_Vayer.txt
François de La Rochefoucauld (writer),1613–1680,François_de_La_Rochefoucauld_(writer).txt
François de Salignac de la Mothe-Fénelon,1651–1715,François_de_Salignac_de_la_Mothe-Fénelon.txt
François-René de Chateaubriand,1768–1848,François-René_de_Chateaubriand.txt
Fred Dretske,1932–2013,Fred_Dretske.txt
Frederick Douglass,1818–1895,Frederick_Douglass.txt
Frederick Robert Tennant,1866–1957,Frederick_Robert_Tennant.txt
Fredric Jameson,born 1934,Fredric_Jameson.txt
Friedrich Adolf Trendelenburg,1802–1872,Friedrich_Adolf_Trendelenburg.txt
Friedrich Albert Lange,1828–1875,Friedrich_Albert_Lange.txt
Friedrich Eduard Beneke,1798–1854,Friedrich_Eduard_Beneke.txt
Friedrich Engels,1820–1895,Friedrich_Engels.txt
Friedrich Fröbel,1782–1852,Friedrich_Fröbel.txt
Friedrich Gogarten,1887–1968,Friedrich_Gogarten.txt
Friedrich Hayek,1899–1992,Friedrich_Hayek.txt
Friedrich Heinrich Jacobi,1743–1819,Friedrich_Heinrich_Jacobi.txt
Friedrich Hölderlin,1770–1843,Friedrich_Hölderlin.txt
Friedrich Karl von Savigny,1779–1861,Friedrich_Karl_von_Savigny.txt
Friedrich Meinecke,1862–1954,Friedrich_Meinecke.txt
Friedrich Nietzsche,1844–1900,Friedrich_Nietzsche.txt
Friedrich Paulsen,1846–1908,Friedrich_Paulsen.txt
Friedrich Schelling,1775–1852,Friedrich_Schelling.txt
Friedrich Schiller,1759–1805,Friedrich_Schiller.txt
Friedrich Schleiermacher,1768–1834,Friedrich_Schleiermacher.txt
Friedrich Waismann,1896–1959,Friedrich_Waismann.txt
Friedrich von Hügel,1852–1925,Friedrich_von_Hügel.txt
Fritz Mauthner,1849–1923,Fritz_Mauthner.txt
Fujiwara Seika,1561–1619,Fujiwara_Seika.txt
Fyodor Dostoyevsky,1821–1881,Fyodor_Dostoyevsky.txt
Félix Guattari,1930–1992,Félix_Guattari.txt
G. E. M. Anscombe,1918–2001,G._E._M._Anscombe.txt
G. E. Moore,1873–1958,G._E._Moore.txt
Gabriel Biel,1425–1495,Gabriel_Biel.txt
Gabriel Marcel,1887–1973,Gabriel_Marcel.txt
Gabrielle Suchon,1631–1703,Gabrielle_Suchon.txt
Gaetano Mosca,1858–1941,Gaetano_Mosca.txt
Gaius (jurist),110–180,Gaius_(jurist).txt
Gaius Marius Victorinus,4th century,Gaius_Marius_Victorinus.txt
Galen,131–201,Galen.txt
Galen Strawson,born 1952,Galen_Strawson.txt
Galileo Galilei,1564–1642,Galileo_Galilei.txt
Gangeśa,fl. c. 1325,Gangeśa.txt
Gareth Evans (philosopher),1946–1980,Gareth_Evans_(philosopher).txt
Gaston Bachelard,1884–1962,Gaston_Bachelard.txt
Gaston Milhaud,1858–1918,Gaston_Milhaud.txt
Gaunilo of Marmoutiers,11th century,Gaunilo_of_Marmoutiers.txt
Gautama Buddha,ca. 563–483 BC,Gautama_Buddha.txt
Gayatri Chakravorty Spivak,born 1942,Gayatri_Chakravorty_Spivak.txt
Ge Hong,4th century,Ge_Hong.txt
Gemistus Pletho,c. 1355 – c. 1452,Gemistus_Pletho.txt
Genevieve Lloyd,born 1941,Genevieve_Lloyd.txt
Geoffrey J. Warnock,1923–1996,Geoffrey_J._Warnock.txt
Georg Bernhard Bilfinger,1693–1750,Georg_Bernhard_Bilfinger.txt
Georg Cantor,1845–1918,Georg_Cantor.txt
Georg Christoph Lichtenberg,1742–1799,Georg_Christoph_Lichtenberg.txt
Georg Friedrich Meier,1718–1777,Georg_Friedrich_Meier.txt
Georg Henrik von Wright,1916–2003,Georg_Henrik_von_Wright.txt
Georg Kreisel,1923–2015,Georg_Kreisel.txt
Georg Lukács,1885–1971,Georg_Lukács.txt
Georg Simmel,1858–1918,Georg_Simmel.txt
Georg Wilhelm Friedrich Hegel,1770–1831,Georg_Wilhelm_Friedrich_Hegel.txt
George Berkeley,1685–1753,George_Berkeley.txt
George Boole,1815–1864,George_Boole.txt
George Eliot,1819–1880,George_Eliot.txt
George Frederick Stout,1860–1944,George_Frederick_Stout.txt
George Herbert Mead,1863–1931,George_Herbert_Mead.txt
George Howison,1834–1916,George_Howison.txt
George Santayana,1863–1952,George_Santayana.txt
George Steiner,1929–2020,George_Steiner.txt
George of Trebizond,1395–1484,George_of_Trebizond.txt
Georges Bataille,1897–1962,Georges_Bataille.txt
Georges Canguilhem,1904–1995,Georges_Canguilhem.txt
Georges Florovsky,1893–1979,Georges_Florovsky.txt
Georges Sorel,1847–1922,Georges_Sorel.txt
"Georges-Louis Leclerc, Comte de Buffon",1707–1788,"Georges-Louis_Leclerc,_Comte_de_Buffon.txt"
Georgi Plekhanov,1856–1918,Georgi_Plekhanov.txt
Gerald Cohen,1941–2009,Gerald_Cohen.txt
Gerard of Cremona,1114–1187,Gerard_of_Cremona.txt
Gerard of Odo,1290–1349,Gerard_of_Odo.txt
Geraud de Cordemoy,1626–1684,Geraud_de_Cordemoy.txt
Gerhard Gentzen,1909–1945,Gerhard_Gentzen.txt
Germain Grisez,1929–2018,Germain_Grisez.txt
Gerolamo Cardano,1501–1576,Gerolamo_Cardano.txt
Gershom Carmichael,c. 1672–1729,Gershom_Carmichael.txt
Gershom Scholem,1897–1982,Gershom_Scholem.txt
Gersonides,1288–1344,Gersonides.txt
Giacinto Sigismondo Gerdil,1718–1802,Giacinto_Sigismondo_Gerdil.txt
Giacomo Leopardi,1798–1837,Giacomo_Leopardi.txt
Giambattista Vico,1668–1744,Giambattista_Vico.txt
Giambattista della Porta,c. 1535–1615,Giambattista_della_Porta.txt
Gian-Carlo Rota,1932–1999,Gian-Carlo_Rota.txt
Gianni Vattimo,born 1936,Gianni_Vattimo.txt
Gilbert Harman,born 1938,Gilbert_Harman.txt
Gilbert Ryle,1900–1976,Gilbert_Ryle.txt
Gilbert de la Porrée,1070–1154,Gilbert_de_la_Porrée.txt
Giles of Rome,c. 1243–1316,Giles_of_Rome.txt
Gilles Deleuze,1925–1995,Gilles_Deleuze.txt
Giordano Bruno,1548–1600,Giordano_Bruno.txt
Giorgio Del Vecchio,1878–1970,Giorgio_Del_Vecchio.txt
Giovanni Gentile,1875–1944,Giovanni_Gentile.txt
Giovanni Papini,1881–1956,Giovanni_Papini.txt
Giovanni Pico della Mirandola,1463–1494,Giovanni_Pico_della_Mirandola.txt
Giuseppe Peano,1858–1932,Giuseppe_Peano.txt
Godfrey of Fontaines,c. 1250–1309,Godfrey_of_Fontaines.txt
Gongsun Longzi,c. 300 BC,Gongsun_Longzi.txt
Gorampa,1429–1489,Gorampa.txt
Gorgias,c. 483–375 BC,Gorgias.txt
Gottfried Benn,1886–1956,Gottfried_Benn.txt
Gottfried Leibniz,1646–1716,Gottfried_Leibniz.txt
Gotthold Ephraim Lessing,1729–1781,Gotthold_Ephraim_Lessing.txt
Gottlieb Fichte,1762–1814,Gottlieb_Fichte.txt
Gottlob Ernst Schulze,1761–1833,Gottlob_Ernst_Schulze.txt
Gottlob Frege,1848–1925,Gottlob_Frege.txt
Gregor Mendel,1822–1884,Gregor_Mendel.txt
Gregory Vlastos,1907–1991,Gregory_Vlastos.txt
Gregory of Nazianzus,329–389,Gregory_of_Nazianzus.txt
Gregory of Nyssa,c. 335–398,Gregory_of_Nyssa.txt
Gregory of Rimini,d. 1358,Gregory_of_Rimini.txt
Guan Zhong,740–645 BC,Guan_Zhong.txt
Guillaume du Vair,1556–1621,Guillaume_du_Vair.txt
Guo Xiang,c. 252–312,Guo_Xiang.txt
Gustav Bergmann,1906–1987,Gustav_Bergmann.txt
Gustav Fechner,1801–1887,Gustav_Fechner.txt
Gustav Gustavovich Shpet,1879–1937,Gustav_Gustavovich_Shpet.txt
Gustav Radbruch,1878–1949,Gustav_Radbruch.txt
Gustav Teichmuller,1837–1888,Gustav_Teichmuller.txt
Gustave Belot,1859–1929,Gustave_Belot.txt
Guy Debord,1931–1994,Guy_Debord.txt
Gwenaëlle Aubry,born 1971,Gwenaëlle_Aubry.txt
Gwilyn Ellis Lane Owen,1922–1982,Gwilyn_Ellis_Lane_Owen.txt
Gyaltsab Je,1364–1432,Gyaltsab_Je.txt
György Mihály Vajda,born 1935,György_Mihály_Vajda.txt
Gáspár Miklós Tamás,born 1948,Gáspár_Miklós_Tamás.txt
H. L. A. Hart,1907–1992,H._L._A._Hart.txt
H. Richard Niebuhr,1894–1962,H._Richard_Niebuhr.txt
Han Feizi,died 233 BC,Han_Feizi.txt
Han Yu,768–824,Han_Yu.txt
Hannah Arendt,1906–1975,Hannah_Arendt.txt
Hans Adolf Eduard Driesch,1867–1941,Hans_Adolf_Eduard_Driesch.txt
Hans Albert,born 1921,Hans_Albert.txt
Hans Christian Ørsted,1777–1851,Hans_Christian_Ørsted.txt
Hans Kelsen,1881–1973,Hans_Kelsen.txt
Hans Reichenbach,1891–1953,Hans_Reichenbach.txt
Hans Vaihinger,1852–1933,Hans_Vaihinger.txt
Hans Wilhelm Frei,1922–1988,Hans_Wilhelm_Frei.txt
Hans-Georg Gadamer,1900–2002,Hans-Georg_Gadamer.txt
Hao Wang (academic),1921–1995,Hao_Wang_(academic).txt
Harald Høffding,1843–1931,Harald_Høffding.txt
Harold Arthur Prichard,1871–1947,Harold_Arthur_Prichard.txt
Harriet Martineau,1802–1876,Harriet_Martineau.txt
Harriet Taylor Mill,1807–1858,Harriet_Taylor_Mill.txt
Harry Frankfurt,born 1929,Harry_Frankfurt.txt
Hartry Field,born 1946,Hartry_Field.txt
Hasdai Crescas,c. 1340–1410,Hasdai_Crescas.txt
Hassan Hanafi,born 1935,Hassan_Hanafi.txt
Hastings Rashdall,1858–1924,Hastings_Rashdall.txt
Hayashi Razan,1583–1657,Hayashi_Razan.txt
Hector-Neri Castañeda,1924–1991,Hector-Neri_Castañeda.txt
Heinrich Christoph Wilhelm Sigwart,1789–1844,Heinrich_Christoph_Wilhelm_Sigwart.txt
Heinrich Cornelius Agrippa,1436–1535,Heinrich_Cornelius_Agrippa.txt
Heinrich Czolbe,1819–1873,Heinrich_Czolbe.txt
Heinrich Rickert,1863–1936,Heinrich_Rickert.txt
Heinrich Rudolf Hertz,1857–1894,Heinrich_Rudolf_Hertz.txt
Heinrich Scholz,1884–1956,Heinrich_Scholz.txt
Heinrich von Kleist,1777–1811,Heinrich_von_Kleist.txt
Helmut Reichelt,born 1939,Helmut_Reichelt.txt
Helmut Thielicke,1908–1986,Helmut_Thielicke.txt
Helmuth Plessner,1892–1985,Helmuth_Plessner.txt
Henri Bergson,1859–1941,Henri_Bergson.txt
Henri Lefebvre,1901–1991,Henri_Lefebvre.txt
Henri Poincaré,1854–1912,Henri_Poincaré.txt
Henri de Boulainvilliers,1658–1722,Henri_de_Boulainvilliers.txt
Henricus Regius,1598–1679,Henricus_Regius.txt
Henry Babcock Veatch,1911–1997,Henry_Babcock_Veatch.txt
Henry Corbin,1903–1978,Henry_Corbin.txt
Henry David Thoreau,1817–1862,Henry_David_Thoreau.txt
Henry Habberley Price,1899–1984,Henry_Habberley_Price.txt
"Henry Home, Lord Kames",1696–1782,"Henry_Home,_Lord_Kames.txt"
Henry James Sr.,1811–1882,Henry_James_Sr..txt
Henry Longueville Mansel,1820–1871,Henry_Longueville_Mansel.txt
Henry More,1614–1687,Henry_More.txt
Henry Sidgwick,1838–1900,Henry_Sidgwick.txt
"Henry St John, 1st Viscount Bolingbroke",1678–1751,"Henry_St_John,_1st_Viscount_Bolingbroke.txt"
Henry Stanton,1805–1887,Henry_Stanton.txt
Henry Suso,1300–1366,Henry_Suso.txt
Henry Thomas Buckle,1821–1862,Henry_Thomas_Buckle.txt
Henry of Ghent,c. 1217–1293,Henry_of_Ghent.txt
Henry of Harclay,1270–1317,Henry_of_Harclay.txt
Heraclides Ponticus,387–312 BC,Heraclides_Ponticus.txt
Heraclitus,ca. 535–475 BC,Heraclitus.txt
Herbert Feigl,1902–1988,Herbert_Feigl.txt
Herbert Marcuse,1898–1979,Herbert_Marcuse.txt
Herbert Spencer,1820–1903,Herbert_Spencer.txt
Herbert Spiegelberg,1904–1990,Herbert_Spiegelberg.txt
Herman Dooyeweerd,1894–1977,Herman_Dooyeweerd.txt
Hermann Cohen,1842–1918,Hermann_Cohen.txt
Hermann Friedrich Wilhelm Hinrichs,1794–1861,Hermann_Friedrich_Wilhelm_Hinrichs.txt
Hermann Graf Keyserling,1880–1946,Hermann_Graf_Keyserling.txt
Hermann Lotze,1817–1881,Hermann_Lotze.txt
Hermann Samuel Reimarus,1694–1768,Hermann_Samuel_Reimarus.txt
Hermann Ulrici,1806–1884,Hermann_Ulrici.txt
Hermann Weyl,1885–1955,Hermann_Weyl.txt
Hermann von Helmholtz,1821–1894,Hermann_von_Helmholtz.txt
Hervaeus Natalis,1250–1323,Hervaeus_Natalis.txt
Hesiod,c. 700 BC,Hesiod.txt
Hibat Allah Abu'l-Barakat al-Baghdaadi,1080–1165,Hibat_Allah_Abu'l-Barakat_al-Baghdaadi.txt
Hierocles (Stoic),2nd century,Hierocles_(Stoic).txt
Hilary Greaves,born 1978,Hilary_Greaves.txt
Hilary Putnam,1926–2016,Hilary_Putnam.txt
Hildegard of Bingen,1098–1179,Hildegard_of_Bingen.txt
Hillel ben Samuel of Verona,1220–1295,Hillel_ben_Samuel_of_Verona.txt
Hippias,5th century BC,Hippias.txt
Hippocrates,460–380 BC,Hippocrates.txt
Hippolyte Taine,1828–1893,Hippolyte_Taine.txt
Ho Yen,190–249,Ho_Yen.txt
Homer,c. 700 BC,Homer.txt
Hossein Nasr,born 1933,Hossein_Nasr.txt
Houston Stewart Chamberlain,1855–1927,Houston_Stewart_Chamberlain.txt
Hryhori Skovoroda,1722–1794,Hryhori_Skovoroda.txt
Hsi K'ang,223–262,Hsi_K'ang.txt
Hsiung Shih-li,1885–1968,Hsiung_Shih-li.txt
Hsu Fu-kuan,1903–1982,Hsu_Fu-kuan.txt
Hu Shih,1891–1962,Hu_Shih.txt
Huang Zongxi,1610–1695,Huang_Zongxi.txt
Hubert Damisch,1928–2017,Hubert_Damisch.txt
Hubert Schleichert,born 1935,Hubert_Schleichert.txt
Hugh Blair,1718–1800,Hugh_Blair.txt
Hugh of St Victor,c. 1078–1141,Hugh_of_St_Victor.txt
Hughes Felicité Robert de Lamennais,1752–1854,Hughes_Felicité_Robert_de_Lamennais.txt
Hugo Dingler,1881–1954,Hugo_Dingler.txt
Hugo Grotius,1583–1645,Hugo_Grotius.txt
Hui Shi,4th century BC,Hui_Shi.txt
Huston Smith,1919–2016,Huston_Smith.txt
Hypatia of Alexandria,370–415,Hypatia_of_Alexandria.txt
Hélène Cixous,born 1937,Hélène_Cixous.txt
I. A. Richards,1893–1979,I._A._Richards.txt
Iamblichus (philosopher),ca. 245&nbsp;AD-ca. 325,Iamblichus_(philosopher).txt
Ian Hacking,born 1936,Ian_Hacking.txt
Ian Thomas Ramsey,1915–1972,Ian_Thomas_Ramsey.txt
Ibn Arabi,1164–1240,Ibn_Arabi.txt
Ibn Bajjah,died 1138,Ibn_Bajjah.txt
Ibn Daud,1110–1180,Ibn_Daud.txt
Ibn Falaquera,1223–1290,Ibn_Falaquera.txt
Ibn Hazm,994–1069,Ibn_Hazm.txt
Ibn Kammuna,1215–1284,Ibn_Kammuna.txt
Ibn Khaldun,1332–1406,Ibn_Khaldun.txt
Ibn Masarra,883–931,Ibn_Masarra.txt
Ibn Miskawayh,940–1030,Ibn_Miskawayh.txt
Ibn Sabin,1217–1268,Ibn_Sabin.txt
Ibn Taymiya,1263–1328,Ibn_Taymiya.txt
Ibn Tufail,1110–1185,Ibn_Tufail.txt
Ibn ar-Rawandi,827–911,Ibn_ar-Rawandi.txt
Immanuel Kant,1724–1804,Immanuel_Kant.txt
Immanuel the Roman,c. 1270 – c. 1330,Immanuel_the_Roman.txt
Imre Lakatos,1922–1974,Imre_Lakatos.txt
Iris Marion Young,1949–2006,Iris_Marion_Young.txt
Iris Murdoch,1919–1999,Iris_Murdoch.txt
Isaac Abrabanel,1437–1508,Isaac_Abrabanel.txt
Isaac Albalag,13th century,Isaac_Albalag.txt
Isaac Israeli ben Solomon,c. 850–950,Isaac_Israeli_ben_Solomon.txt
Isaac La Peyrère,1596–1676,Isaac_La_Peyrère.txt
Isaac Newton,1642–1727,Isaac_Newton.txt
Isaac Orobio de Castro,1617–1687,Isaac_Orobio_de_Castro.txt
Isaac ben Joseph ibn Pulgar,14th century,Isaac_ben_Joseph_ibn_Pulgar.txt
Isaac ben Moses Arama,1420–1494,Isaac_ben_Moses_Arama.txt
Isaac of Stella,1105–1177,Isaac_of_Stella.txt
Isaiah Berlin,1909–1997,Isaiah_Berlin.txt
Isocrates,436–338 BC,Isocrates.txt
István Mészáros (philosopher),1930–2017,István_Mészáros_(philosopher).txt
Ito Jinsai,1627–1705,Ito_Jinsai.txt
Ivan Aleksandrovich Il'in,1883–1954,Ivan_Aleksandrovich_Il'in.txt
Ivan Kireevsky,1806–1856,Ivan_Kireevsky.txt
Ivan Pavlov,1849–1936,Ivan_Pavlov.txt
Ivan Sviták,1925–1994,Ivan_Sviták.txt
J. J. C. Smart,1920–2012,J._J._C._Smart.txt
J. J. Valberg,born 1936,J._J._Valberg.txt
J. L. Austin,1911–1960,J._L._Austin.txt
J. L. Mackie,1917–1981,J._L._Mackie.txt
J. N. Findlay,1903–1987,J._N._Findlay.txt
J.B. Schneewind,born 1930,J.B._Schneewind.txt
Jaakko Hintikka,1929–2015,Jaakko_Hintikka.txt
Jacob Burckhardt,1818–1897,Jacob_Burckhardt.txt
Jacob Moleschott,1822–1893,Jacob_Moleschott.txt
Jacobus Arminius,1560–1609,Jacobus_Arminius.txt
Jacopo Zabarella,1533–1589,Jacopo_Zabarella.txt
Jacques Derrida,1930–2004,Jacques_Derrida.txt
Jacques Lacan,1901–1981,Jacques_Lacan.txt
Jacques Lefèvre d'Étaples,c. 1455–c. 1536,Jacques_Lefèvre_d'Étaples.txt
Jacques Maritain,1882–1973,Jacques_Maritain.txt
Jacques Rancière,born 1940,Jacques_Rancière.txt
Jacques Rohault,1617–1672,Jacques_Rohault.txt
Jacques-André Naigeon,1738–1810,Jacques-André_Naigeon.txt
Jacques-Bénigne Bossuet,1627–1704,Jacques-Bénigne_Bossuet.txt
Jaegwon Kim,1934–2019,Jaegwon_Kim.txt
Jakob Böhme,1575–1624,Jakob_Böhme.txt
Jakob Friedrich Fries,1773–1843,Jakob_Friedrich_Fries.txt
Jakob Sigismund Beck,1761–1840,Jakob_Sigismund_Beck.txt
Jalal al-Din al-Dawani,1426–1502,Jalal_al-Din_al-Dawani.txt
Jamal al-Din al-Afghani,1839–1897,Jamal_al-Din_al-Afghani.txt
James Beattie (writer),1735–1803,James_Beattie_(writer).txt
"James Bryce, 1st Viscount Bryce",1838–1922,"James_Bryce,_1st_Viscount_Bryce.txt"
"James Burnett, Lord Monboddo",1714–1799,"James_Burnett,_Lord_Monboddo.txt"
James Clerk Maxwell,1831–1879,James_Clerk_Maxwell.txt
"James Dalrymple, 1st Viscount Stair",1619–1695,"James_Dalrymple,_1st_Viscount_Stair.txt"
James Dunbar (writer),1742–1798,James_Dunbar_(writer).txt
James Edwin Creighton,1861–1924,James_Edwin_Creighton.txt
James Frederick Ferrier,1808–1864,James_Frederick_Ferrier.txt
James Griffin (philosopher),1933–2019,James_Griffin_(philosopher).txt
James Harrington (author),1611–1677,James_Harrington_(author).txt
James Hopwood Jeans,1877–1946,James_Hopwood_Jeans.txt
James Hutchison Stirling,1820–1909,James_Hutchison_Stirling.txt
James Hutton,1726–1797,James_Hutton.txt
James Martineau,1805–1900,James_Martineau.txt
James McCosh,1811–1894,James_McCosh.txt
James Mill,1773–1836,James_Mill.txt
James Ward (psychologist),1843–1925,James_Ward_(psychologist).txt
James of Viterbo,1255–1308,James_of_Viterbo.txt
Jan Hus,1369–1415,Jan_Hus.txt
Jan Lukasiewicz,1878–1956,Jan_Lukasiewicz.txt
Jan Patočka,1907–1977,Jan_Patočka.txt
Jan Sniadecki,1756–1830,Jan_Sniadecki.txt
Jane Addams,1860–1935,Jane_Addams.txt
Janet Radcliffe Richards,born 1944,Janet_Radcliffe_Richards.txt
Javad Tabatabai,born 1945,Javad_Tabatabai.txt
Jayarāśi Bhaṭṭa,fl. c. 800,Jayarāśi_Bhaṭṭa.txt
Je Tsongkhapa,1357–1419,Je_Tsongkhapa.txt
Jean Anthelme Brillat-Savarin,1755–1826,Jean_Anthelme_Brillat-Savarin.txt
Jean Baudrillard,1929–2007,Jean_Baudrillard.txt
Jean Bodin,1530–1596,Jean_Bodin.txt
Jean Buridan,1300–1358,Jean_Buridan.txt
Jean Cavaillès,1903–1944,Jean_Cavaillès.txt
Jean Gerson,1363–1429,Jean_Gerson.txt
Jean Hyppolite,1907–1968,Jean_Hyppolite.txt
Jean Jacques Rousseau,1712–1778,Jean_Jacques_Rousseau.txt
Jean Leclerc (theologian),1657–1737,Jean_Leclerc_(theologian).txt
Jean Meslier,1664–1729,Jean_Meslier.txt
Jean Piaget,1896–1980,Jean_Piaget.txt
Jean Reynaud,1806–1863,Jean_Reynaud.txt
Jean Wahl,1888–1974,Jean_Wahl.txt
Jean de La Bruyère,1645–1696,Jean_de_La_Bruyère.txt
Jean le Rond d'Alembert,1717–1783,Jean_le_Rond_d'Alembert.txt
Jean-Baptiste Dubos,1670–1742,Jean-Baptiste_Dubos.txt
Jean-Baptiste Lamarck,1744–1829,Jean-Baptiste_Lamarck.txt
Jean-François Lyotard,1924–1998,Jean-François_Lyotard.txt
Jean-Luc Nancy,born 1940,Jean-Luc_Nancy.txt
Jean-Paul Sartre,1905–1980,Jean-Paul_Sartre.txt
Jennifer Hornsby,born 1951,Jennifer_Hornsby.txt
Jeremy Bentham,1748–1832,Jeremy_Bentham.txt
Jerome Frank (lawyer),1889–1957,Jerome_Frank_(lawyer).txt
Jerry Fodor,1935–2017,Jerry_Fodor.txt
Jerzy Wróblewski,1926–1990,Jerzy_Wróblewski.txt
Jiddu Krishnamurti,1895–1986,Jiddu_Krishnamurti.txt
Jinul,1158–1210,Jinul.txt
Joachim Jungius,1587–1657,Joachim_Jungius.txt
Joachim of Fiore,1135–1201,Joachim_of_Fiore.txt
Joane Petrizi,12th century,Joane_Petrizi.txt
Joel Feinberg,1926–2004,Joel_Feinberg.txt
Johann Augustus Eberhard,1739–1809,Johann_Augustus_Eberhard.txt
Johann Bernhard Basedow,1724–1790,Johann_Bernhard_Basedow.txt
Johann Christoph Gottsched,1700–1766,Johann_Christoph_Gottsched.txt
Johann Franz Buddeus,1667–1729,Johann_Franz_Buddeus.txt
Johann Friedrich Herbart,1776–1841,Johann_Friedrich_Herbart.txt
Johann Georg Hamann,1730–1788,Johann_Georg_Hamann.txt
Johann Gottfried Herder,1744–1803,Johann_Gottfried_Herder.txt
Johann Heinrich Lambert,1728–1777,Johann_Heinrich_Lambert.txt
Johann Heinrich Pestalozzi,1746–1827,Johann_Heinrich_Pestalozzi.txt
Johann Jakob Bachofen,1815–1887,Johann_Jakob_Bachofen.txt
Johann Karl Friedrich Rosenkranz,1805–1879,Johann_Karl_Friedrich_Rosenkranz.txt
Johann Kaspar Lavater,1741–1801,Johann_Kaspar_Lavater.txt
Johann Sturm,1635–1703,Johann_Sturm.txt
Johann Wolfgang Goethe,1749–1832,Johann_Wolfgang_Goethe.txt
Johannes Althusius,1557–1638,Johannes_Althusius.txt
Johannes Capreolus,1380–1444,Johannes_Capreolus.txt
Johannes Clauberg,1622–1665,Johannes_Clauberg.txt
Johannes Kepler,1571–1630,Johannes_Kepler.txt
Johannes Nikolaus Tetens,1736–1807,Johannes_Nikolaus_Tetens.txt
Johannes Scotus Eriugena,c. 800–c. 880,Johannes_Scotus_Eriugena.txt
Johannes Tauler,c. 1300 – 1361,Johannes_Tauler.txt
John Anderson (philosopher),1893–1962,John_Anderson_(philosopher).txt
John Arthur Passmore,1914–2004,John_Arthur_Passmore.txt
John Austin (legal philosophy),1790–1859,John_Austin_(legal_philosophy).txt
John B. Watson,1878–1958,John_B._Watson.txt
John Balguy,1686–1748,John_Balguy.txt
John Calvin,1509–1564,John_Calvin.txt
John Colet,1466–1519,John_Colet.txt
John Cook Wilson,1849–1915,John_Cook_Wilson.txt
John Dewey,1859–1952,John_Dewey.txt
John Earman,born 1942,John_Earman.txt
John Ellis McTaggart,1866–1925,John_Ellis_McTaggart.txt
John Finnis,born 1940,John_Finnis.txt
John Fiske (philosopher),1842–1901,John_Fiske_(philosopher).txt
John Gay,1685–1732,John_Gay.txt
John Gray (philosopher),born 1948,John_Gray_(philosopher).txt
John Grote,1813–1866,John_Grote.txt
John Henry Newman,1801–1890,John_Henry_Newman.txt
John Herschel,1792–1871,John_Herschel.txt
John Hick,1922–2012,John_Hick.txt
John Holloway (sociologist),born 1947,John_Holloway_(sociologist).txt
John Locke,1632–1704,John_Locke.txt
John Lucas (philosopher),born 1929,John_Lucas_(philosopher).txt
John Major (philosopher),1467–1550,John_Major_(philosopher).txt
John Maynard Keynes,1883–1946,John_Maynard_Keynes.txt
John McDowell,born 1942,John_McDowell.txt
John Millar (philosopher),1735–1801,John_Millar_(philosopher).txt
John Milton,1608–1674,John_Milton.txt
John Norris (philosopher),1657–1711,John_Norris_(philosopher).txt
John Peckham,died 1292,John_Peckham.txt
John Philoponus,early 6th century,John_Philoponus.txt
John Ralston Saul,born 1947,John_Ralston_Saul.txt
John Rawls,1921–2002,John_Rawls.txt
John Ray,1627–1705,John_Ray.txt
John Searle,born 1932,John_Searle.txt
John Selden,1584–1654,John_Selden.txt
John Sergeant (priest),1623–1704,John_Sergeant_(priest).txt
John Stuart Mill,1806–1873,John_Stuart_Mill.txt
John Toland,1670–1722,John_Toland.txt
John Venn,1834–1923,John_Venn.txt
John Wisdom,1904–1993,John_Wisdom.txt
John Witherspoon,1723–1794,John_Witherspoon.txt
John Wood Oman,1860–1939,John_Wood_Oman.txt
John Wyclif,c. 1330 – 1384,John_Wyclif.txt
John of Damascus,c. 676–749,John_of_Damascus.txt
John of Jandun,1280–1328,John_of_Jandun.txt
John of La Rochelle,1190–1245,John_of_La_Rochelle.txt
John of Mirecourt,c. 1345,John_of_Mirecourt.txt
John of Paris,1260–1306,John_of_Paris.txt
John of Ruysbroeck,1293–1381,John_of_Ruysbroeck.txt
John of Salisbury,c. 1115–1180,John_of_Salisbury.txt
John of St. Thomas,1589–1644,John_of_St._Thomas.txt
John of the Cross,1542–1591,John_of_the_Cross.txt
John von Neumann,1903–1957,John_von_Neumann.txt
Jon Elster,born 1940,Jon_Elster.txt
Jonathan Barnes,born 1942,Jonathan_Barnes.txt
Jonathan Bennett (philosopher),born 1930,Jonathan_Bennett_(philosopher).txt
Jonathan Edwards (theologian),1703–1758,Jonathan_Edwards_(theologian).txt
Jonathan Glover,born 1941,Jonathan_Glover.txt
Jordan B. Peterson,born 1962,Jordan_B._Peterson.txt
Jose Ferrater-Mora,1912–1991,Jose_Ferrater-Mora.txt
Josef Popper-Lynkeus,1838–1921,Josef_Popper-Lynkeus.txt
Joseph Addison,1672–1719,Joseph_Addison.txt
Joseph Albo,1380–1444,Joseph_Albo.txt
Joseph Butler,1692–1752,Joseph_Butler.txt
Joseph D. Sneed,1938–2020,Joseph_D._Sneed.txt
Joseph Dietzgen,1828–1888,Joseph_Dietzgen.txt
Joseph Déjacque,1821–1865,Joseph_Déjacque.txt
Joseph Glanvill,1636–1680,Joseph_Glanvill.txt
Joseph Maréchal,1878–1944,Joseph_Maréchal.txt
Joseph Priestley,1733–1804,Joseph_Priestley.txt
Joseph Raz,born 1939,Joseph_Raz.txt
Joseph Rovan,1918–2004,Joseph_Rovan.txt
Joseph Schumpeter,1883–1950,Joseph_Schumpeter.txt
Joseph Smith,1805–1844,Joseph_Smith.txt
Joseph Soloveitchik,1903–1993,Joseph_Soloveitchik.txt
Joseph Vissarionovich Stalin,1878–1953,Joseph_Vissarionovich_Stalin.txt
Joseph de Maistre,1753–1821,Joseph_de_Maistre.txt
Joseph ibn Tzaddik,c. 1149,Joseph_ibn_Tzaddik.txt
Josiah Gibbs,1839–1903,Josiah_Gibbs.txt
Josiah Royce,1865–1916,Josiah_Royce.txt
José Carlos Mariátegui,1894–1930,José_Carlos_Mariátegui.txt
José Ingenieros,1877–1925,José_Ingenieros.txt
José Martí,1853–1895,José_Martí.txt
José Ortega y Gasset,1883–1955,José_Ortega_y_Gasset.txt
José Pablo Feinmann,born 1943,José_Pablo_Feinmann.txt
Juan José Sebreli,born 1930,Juan_José_Sebreli.txt
Juan Luís Vives,1492–1540,Juan_Luís_Vives.txt
Juan de Mariana,1536–1624,Juan_de_Mariana.txt
Judah Leon Abravanel,1460?–1535?,Judah_Leon_Abravanel.txt
Judah Messer Leon,c. 1425 – c. 1495,Judah_Messer_Leon.txt
Judah ben Moses of Rome,1292–1330,Judah_ben_Moses_of_Rome.txt
Judith Butler,born 1956,Judith_Butler.txt
Judith Jarvis Thomson,1929–2020,Judith_Jarvis_Thomson.txt
Jules Lequier,1814–1862,Jules_Lequier.txt
Julia Kristeva,born 1941,Julia_Kristeva.txt
Julien Offray de La Mettrie,1709–1751,Julien_Offray_de_La_Mettrie.txt
Julius Caesar Scaliger,1484–1558,Julius_Caesar_Scaliger.txt
Julián Marías,1914–2005,Julián_Marías.txt
Juri Lotman,1922–1993,Juri_Lotman.txt
Justinian I,483–565,Justinian_I.txt
Justus Buchler,1914–1991,Justus_Buchler.txt
Justus Lipsius,1547–1606,Justus_Lipsius.txt
Jürgen Habermas,born 1929,Jürgen_Habermas.txt
Kaibara Ekiken,1630–1740,Kaibara_Ekiken.txt
Kang Youwei,1858–1927,Kang_Youwei.txt
Kao Tzu,c. 420 – 350 BC,Kao_Tzu.txt
Karel Kosík,1926–2003,Karel_Kosík.txt
Karen Swassjan,born 1948,Karen_Swassjan.txt
Karl Barth,1886–1968,Karl_Barth.txt
Karl Christian Friedrich Krause,1781–1832,Karl_Christian_Friedrich_Krause.txt
Karl Friedrich Bahrdt,1741–1792,Karl_Friedrich_Bahrdt.txt
Karl Grün,1817–1887,Karl_Grün.txt
Karl Jaspers,1883–1969,Karl_Jaspers.txt
Karl Kautsky,1854–1938,Karl_Kautsky.txt
Karl Korsch,1886–1961,Karl_Korsch.txt
Karl Kraus (writer),1874–1936,Karl_Kraus_(writer).txt
Karl Leonhard Reinhold,1757–1823,Karl_Leonhard_Reinhold.txt
Karl Mannheim,1893–1947,Karl_Mannheim.txt
Karl Marx,1818–1883,Karl_Marx.txt
Karl Nickerson Llywelyn,1893–1962,Karl_Nickerson_Llywelyn.txt
Karl Olivecrona,1897–1980,Karl_Olivecrona.txt
Karl Pearson,1857–1936,Karl_Pearson.txt
Karl Philipp Moritz,1756–1793,Karl_Philipp_Moritz.txt
Karl Polanyi,1886–1964,Karl_Polanyi.txt
Karl Popper,1902–1994,Karl_Popper.txt
Karl Rahner,1904–1984,Karl_Rahner.txt
Karl Renner,1870–1950,Karl_Renner.txt
Karl Wilhelm Ferdinand Solger,1780–1890,Karl_Wilhelm_Ferdinand_Solger.txt
Karl Wilhelm Friedrich Schlegel,1772–1829,Karl_Wilhelm_Friedrich_Schlegel.txt
Karl-Otto Apel,1922–2017,Karl-Otto_Apel.txt
Kazimierz Ajdukiewicz,1890–1963,Kazimierz_Ajdukiewicz.txt
Kazimierz Twardowski,1866–1938,Kazimierz_Twardowski.txt
Keith Lehrer,born 1936,Keith_Lehrer.txt
Kenelm Digby,1603–1665,Kenelm_Digby.txt
Kenneth Allen Taylor,1954–2019,Kenneth_Allen_Taylor.txt
Kenneth Arrow,1921–2017,Kenneth_Arrow.txt
Khedrup Gelek Pelzang,1385–1438,Khedrup_Gelek_Pelzang.txt
Konstantin Kavelin,1818–1885,Konstantin_Kavelin.txt
Konstantin Nikolaevich Leont'ev,1831–1891,Konstantin_Nikolaevich_Leont'ev.txt
Kuki Shūzō,1888–1941,Kuki_Shūzō.txt
Kumazawa Banzan,1619–1691,Kumazawa_Banzan.txt
Kumārila Bhaṭṭa,fl. roughly 700,Kumārila_Bhaṭṭa.txt
Kuno Fischer,1824–1907,Kuno_Fischer.txt
Kuo Hsiang,died c. 312,Kuo_Hsiang.txt
Kurt Baier,1917–2010,Kurt_Baier.txt
Kurt Gödel,1906–1978,Kurt_Gödel.txt
Kurt Koffka,1886–1941,Kurt_Koffka.txt
Kurt Lewin,1890–1947,Kurt_Lewin.txt
Kurt Singer,1886–1962,Kurt_Singer.txt
Kwame Nkrumah,1909–1972,Kwame_Nkrumah.txt
Kwasi Wiredu,born 1931,Kwasi_Wiredu.txt
Kūkai,774–835,Kūkai.txt
L. Jonathan Cohen,1923–2006,L._Jonathan_Cohen.txt
L. Susan Stebbing,1885–1943,L._Susan_Stebbing.txt
Lady Anne Finch Conway,1631–1679,Lady_Anne_Finch_Conway.txt
Lady Mary Shepherd,1777–1847,Lady_Mary_Shepherd.txt
Lao Zi,4th century&nbsp;BC,Lao_Zi.txt
Laurens Perseus Hickok,1798–1888,Laurens_Perseus_Hickok.txt
Leo Löwenthal,1900–1993,Leo_Löwenthal.txt
Leo Mikhailovich Lopatin,1855–1920,Leo_Mikhailovich_Lopatin.txt
Leo Strauss,1899–1973,Leo_Strauss.txt
Leo Tolstoy,1828–1910,Leo_Tolstoy.txt
Leon Brunschvicg,1869–1944,Leon_Brunschvicg.txt
Leon Chwistek,1884–1944,Leon_Chwistek.txt
Leon Petrazycki,1867–1931,Leon_Petrazycki.txt
Leon Trotsky,1879–1940,Leon_Trotsky.txt
Leonard Nelson,1882–1927,Leonard_Nelson.txt
Leonard Trelawny Hobhouse,1864–1929,Leonard_Trelawny_Hobhouse.txt
Leonardo Boff,born 1938,Leonardo_Boff.txt
Leonardo da Vinci,1452–1519,Leonardo_da_Vinci.txt
Leopold Kronecker,1823–1891,Leopold_Kronecker.txt
Leslie Stephen,1832–1904,Leslie_Stephen.txt
Leszek Kołakowski,1927–2009,Leszek_Kołakowski.txt
Leucippus,5th century&nbsp;BC,Leucippus.txt
Lev Shestov,1866–1938,Lev_Shestov.txt
Lev Vygotsky,1896–1934,Lev_Vygotsky.txt
Lewis Carroll,1832–1898,Lewis_Carroll.txt
Lewis H. Morgan,1818–1881,Lewis_H._Morgan.txt
Liang Qichao,1873–1929,Liang_Qichao.txt
Lie Yukou,c. 440 – c. 360& BC,Lie_Yukou.txt
Linji Yixuan,c. 810 – 867,Linji_Yixuan.txt
Linus Pauling,1901–1994,Linus_Pauling.txt
Liu An,179–122 BC,Liu_An.txt
Liu Shaoqi,1898–1969,Liu_Shaoqi.txt
Lon L. Fuller,1902–1978,Lon_L._Fuller.txt
Longinus (literature),1st century,Longinus_(literature).txt
Lorenz Oken,1779–1851,Lorenz_Oken.txt
Lorenzo Valla,1406–1457,Lorenzo_Valla.txt
Lorraine Code,born 1937,Lorraine_Code.txt
Louis Althusser,1918–1990,Louis_Althusser.txt
Louis Couturat,1868–1914,Louis_Couturat.txt
Louis Gabriel Ambroise de Bonald,1754–1840,Louis_Gabriel_Ambroise_de_Bonald.txt
Louis Lavelle,1883–1951,Louis_Lavelle.txt
Louis de La Forge,1632–1666,Louis_de_La_Forge.txt
Lu Jiuyuan,1139–1193,Lu_Jiuyuan.txt
"Luc de Clapiers, marquis de Vauvenargues",1715–1747,"Luc_de_Clapiers,_marquis_de_Vauvenargues.txt"
Luce Irigaray,born 1930,Luce_Irigaray.txt
Lucian,c. 120 – c. 180,Lucian.txt
Lucien Goldmann,1913–1970,Lucien_Goldmann.txt
Lucien Lévy-Bruhl,1857–1939,Lucien_Lévy-Bruhl.txt
Lucilio Vanini,1585–1619,Lucilio_Vanini.txt
Lucio Colletti,1924–2001,Lucio_Colletti.txt
Lucretius,c. 99 – 55 BC,Lucretius.txt
Lucrezia Marinella,1571–1653,Lucrezia_Marinella.txt
Ludovico Silva,1937–1988,Ludovico_Silva.txt
Ludwig Andreas Feuerbach,1804–1872,Ludwig_Andreas_Feuerbach.txt
Ludwig Binswanger,1881–1966,Ludwig_Binswanger.txt
Ludwig Boltzmann,1844–1906,Ludwig_Boltzmann.txt
Ludwig Büchner,1824–1899,Ludwig_Büchner.txt
Ludwig Klages,1872–1956,Ludwig_Klages.txt
Ludwig Landgrebe,1902–1992,Ludwig_Landgrebe.txt
Ludwig Wittgenstein,1889–1951,Ludwig_Wittgenstein.txt
Ludwig von Bertalanffy,1901–1972,Ludwig_von_Bertalanffy.txt
Ludwik Fleck,1896-1961,Ludwik_Fleck.txt
Luigi Ferri,1826–1895,Luigi_Ferri.txt
Luis de Molina,1535–1600,Luis_de_Molina.txt
Luitzen Egbertus Jan Brouwer,1881–1966,Luitzen_Egbertus_Jan_Brouwer.txt
Lynne Rudder Baker,1944–2017,Lynne_Rudder_Baker.txt
Lysander Spooner,1808–1887,Lysander_Spooner.txt
Lyubov Axelrod,1868–1946,Lyubov_Axelrod.txt
M.N.Roy,1887–1954,M.N.Roy.txt
Madeleine de Scudéry,1607–1701,Madeleine_de_Scudéry.txt
Madhava of Sangamagrama,died 1386,Madhava_of_Sangamagrama.txt
Mahatma Gandhi,1869–1948,Mahatma_Gandhi.txt
Mahavira,599–527&nbsp;BC,Mahavira.txt
Maimonides,1135–1204,Maimonides.txt
Maine de Biran,1766–1824,Maine_de_Biran.txt
Malcolm Budd,born 1941,Malcolm_Budd.txt
Mani (prophet),3rd century,Mani_(prophet).txt
Mao Zedong,1893–1976,Mao_Zedong.txt
Marcel Gauchet,born 1946,Marcel_Gauchet.txt
Marcel Proust,1871–1922,Marcel_Proust.txt
Marcion of Sinope,110–160,Marcion_of_Sinope.txt
Marcus Aurelius,121–180,Marcus_Aurelius.txt
Margaret Cavendish,1623–1673,Margaret_Cavendish.txt
Margaret Fell,1614–1702,Margaret_Fell.txt
Marie de Gournay,1565–1645,Marie_de_Gournay.txt
Marilyn Frye,born 1941,Marilyn_Frye.txt
Marilyn McCord Adams,1943–2017,Marilyn_McCord_Adams.txt
Marin Mersenne,1588–1648,Marin_Mersenne.txt
Mario Bunge,1919–2020,Mario_Bunge.txt
Mark Sainsbury (philosopher),born 1943,Mark_Sainsbury_(philosopher).txt
Marko Marulić,1450–1524,Marko_Marulić.txt
Marquis de Condorcet,1743–1794,Marquis_de_Condorcet.txt
Marsilio Ficino,1433–1499,Marsilio_Ficino.txt
Marsilius of Inghen,1330–1396,Marsilius_of_Inghen.txt
Marsilius of Padua,1270–1342,Marsilius_of_Padua.txt
Martha Nussbaum,born 1947,Martha_Nussbaum.txt
Martin Buber,1878–1965,Martin_Buber.txt
Martin Heidegger,1889–1976,Martin_Heidegger.txt
Martin Knutzen,1713–1751,Martin_Knutzen.txt
Martin Luther,1483–1546,Martin_Luther.txt
Martin Luther King Jr.,1929–1968,Martin_Luther_King_Jr..txt
Mary Astell,1666–1731,Mary_Astell.txt
Mary Midgley,1919–2018,Mary_Midgley.txt
Mary Wollstonecraft,1759–1797,Mary_Wollstonecraft.txt
Matthew Arnold,1822–1888,Matthew_Arnold.txt
Matthew Tindal,1657–1733,Matthew_Tindal.txt
Matthew of Aquasparta,1238–1302,Matthew_of_Aquasparta.txt
Maurice Blanchot,1907–2003,Maurice_Blanchot.txt
Maurice Blondel,1861–1949,Maurice_Blondel.txt
Maurice Merleau-Ponty,1908–1961,Maurice_Merleau-Ponty.txt
Max Black,1909–1988,Max_Black.txt
Max Horkheimer,1895–1973,Max_Horkheimer.txt
Max Planck,1858–1947,Max_Planck.txt
Max Scheler,1874–1928,Max_Scheler.txt
Max Stirner,1806–1856,Max_Stirner.txt
Max Weber,1864–1920,Max_Weber.txt
Meister Eckhart,1260–1327/8,Meister_Eckhart.txt
Melissus of Samos,late 5th century&nbsp;BC,Melissus_of_Samos.txt
Menasseh Ben Israel,1604–1657,Menasseh_Ben_Israel.txt
Mencius,372–289 BC,Mencius.txt
Menyhért Palágyi,1859–1924,Menyhért_Palágyi.txt
Merab Mamardashvili,1930–1990,Merab_Mamardashvili.txt
Michael A. Smith (philosopher),born 1954,Michael_A._Smith_(philosopher).txt
Michael Dummett,1925–2011,Michael_Dummett.txt
Michael Faraday,1791–1867,Michael_Faraday.txt
Michael Frede,1940–2007,Michael_Frede.txt
Michael Hardt,born 1960,Michael_Hardt.txt
Michael Löwy,born 1938,Michael_Löwy.txt
Michael Oakeshott,1901–1990,Michael_Oakeshott.txt
Michael Polanyi,1891–1976,Michael_Polanyi.txt
Michael Ruse,born 1940,Michael_Ruse.txt
Michael Sandel,born 1953,Michael_Sandel.txt
Michael Tye (philosopher),born 1950,Michael_Tye_(philosopher).txt
Michael Walzer,born 1935,Michael_Walzer.txt
Michal Sedziwój,1566–1636,Michal_Sedziwój.txt
Michel Foucault,1926–1984,Michel_Foucault.txt
Michel Henry,1922–2002,Michel_Henry.txt
Michel Onfray,born 1959,Michel_Onfray.txt
Michel Serres,1930–2019,Michel_Serres.txt
Michel Villey,1914–1988,Michel_Villey.txt
Michel de Certeau,1925–1986,Michel_de_Certeau.txt
Michel de Montaigne,1533–1592,Michel_de_Montaigne.txt
Michelangelo Fardella,1646–1718,Michelangelo_Fardella.txt
Michèle Le Dœuff,born 1948,Michèle_Le_Dœuff.txt
Miguel Abensour,1939–2017,Miguel_Abensour.txt
Miguel de Unamuno,1864–1936,Miguel_de_Unamuno.txt
Mihailo Marković,1923–2010,Mihailo_Marković.txt
Mikhail Bakhtin,1895–1975,Mikhail_Bakhtin.txt
Mikhail Bakunin,1814–1876,Mikhail_Bakunin.txt
Mikhail Lifshitz,1905–1983,Mikhail_Lifshitz.txt
Miki Kiyoshi,1897–1945,Miki_Kiyoshi.txt
Mikyo Dorje,1507–1554,Mikyo_Dorje.txt
Milan Kangrga,1923–2008,Milan_Kangrga.txt
Milan Vidmar,1885–1962,Milan_Vidmar.txt
Mir Damad,died 1631,Mir_Damad.txt
Mircea Eliade,1907–1986,Mircea_Eliade.txt
Miura Baien,1723–1789,Miura_Baien.txt
Mohammed Arkoun,1928-2010,Mohammed_Arkoun.txt
Monroe Beardsley,1915–1985,Monroe_Beardsley.txt
Mordecai Kaplan,1881–1983,Mordecai_Kaplan.txt
Moritz Schlick,1882–1936,Moritz_Schlick.txt
Morris Raphael Cohen,1880–1947,Morris_Raphael_Cohen.txt
Moses Hess,1812–1875,Moses_Hess.txt
Moses Mendelssohn,1729–1786,Moses_Mendelssohn.txt
Moses ben Jacob Cordovero,1522–1570,Moses_ben_Jacob_Cordovero.txt
Moses ibn Ezra,1070–1138,Moses_ibn_Ezra.txt
Motoori Norinaga,1730–1801,Motoori_Norinaga.txt
Mozi,c. 470 – c. 390 BC,Mozi.txt
Muammar Gaddafi,1941–2011,Muammar_Gaddafi.txt
Muhammad Abduh,1849–1905,Muhammad_Abduh.txt
Muhammad Iqbal,1877–1938,Muhammad_Iqbal.txt
Mulla Hadi Sabzevari,1797–1873,Mulla_Hadi_Sabzevari.txt
Mulla Sadra,1571–1640,Mulla_Sadra.txt
Muro Kyuso,1658–1734,Muro_Kyuso.txt
Musonius Rufus,1st century,Musonius_Rufus.txt
Myles Frederic Burnyeat,1939–2019,Myles_Frederic_Burnyeat.txt
Nachman Krochmal,1785–1840,Nachman_Krochmal.txt
Nae Ionescu,1890–1940,Nae_Ionescu.txt
Nagarjuna,ca. 200 CE,Nagarjuna.txt
Nahmanides,1194–1270,Nahmanides.txt
Nancy Cartwright (philosopher),born 1943,Nancy_Cartwright_(philosopher).txt
Nasir al-Din al-Tusi,1201–1274,Nasir_al-Din_al-Tusi.txt
Nathan Salmon,born 1951,Nathan_Salmon.txt
Nathaniel Culverwel,1619–1651,Nathaniel_Culverwel.txt
Ned Block,born 1942,Ned_Block.txt
Nelson Goodman,1906–1998,Nelson_Goodman.txt
Nemesius of Emesa,fl. c. 400,Nemesius_of_Emesa.txt
Newton da Costa,born 1929,Newton_da_Costa.txt
Niccolò Machiavelli,1469–1527,Niccolò_Machiavelli.txt
Nichiren,1222–1282,Nichiren.txt
Nicholas Onufrievich Lossky,1870–1965,Nicholas_Onufrievich_Lossky.txt
Nicholas Rescher,born 1928,Nicholas_Rescher.txt
Nicholas Wolterstorff,born 1932,Nicholas_Wolterstorff.txt
Nicholas of Autrecourt,c. 1300 – 1369,Nicholas_of_Autrecourt.txt
Nicholas of Cusa,1401–1464,Nicholas_of_Cusa.txt
Nicola Abbagnano,1901–1990,Nicola_Abbagnano.txt
Nicolai Hartmann,1882–1950,Nicolai_Hartmann.txt
Nicolas Boileau-Despréaux,1636–1711,Nicolas_Boileau-Despréaux.txt
Nicolas Malebranche,1638–1715,Nicolas_Malebranche.txt
Nicolaus Copernicus,1473–1543,Nicolaus_Copernicus.txt
Nicolaus Taurellus,1547–1606,Nicolaus_Taurellus.txt
Nicole Oresme,1320–1382,Nicole_Oresme.txt
Nicoletto Vernia,1442–1499,Nicoletto_Vernia.txt
Nicos Poulantzas,1936–1979,Nicos_Poulantzas.txt
Niels Bohr,1885–1962,Niels_Bohr.txt
Nikolai Berdyaev,1874–1948,Nikolai_Berdyaev.txt
Nikolai Bukharin,1888–1938,Nikolai_Bukharin.txt
Nikolai Chernyshevsky,1828–1889,Nikolai_Chernyshevsky.txt
Nikolai Fyodorovich Fyodorov,1828–1906,Nikolai_Fyodorovich_Fyodorov.txt
Nikolai Ivanovich Kareev,1850–1931,Nikolai_Ivanovich_Kareev.txt
Nikolai Konstantinovich Mikhailovskii,1842–1904,Nikolai_Konstantinovich_Mikhailovskii.txt
Nishi Amane,1829–1897,Nishi_Amane.txt
Nishida Kitaro,1870–1945,Nishida_Kitaro.txt
Nishitani Keiji,1900–1990,Nishitani_Keiji.txt
Noah Porter,1811–1892,Noah_Porter.txt
Noam Chomsky,born 1928,Noam_Chomsky.txt
Norberto Bobbio,1909–2004,Norberto_Bobbio.txt
Norman Kemp Smith,1872–1958,Norman_Kemp_Smith.txt
Norman Malcolm,1911–1990,Norman_Malcolm.txt
Norman Robert Campbell,1880–1949,Norman_Robert_Campbell.txt
Norwood Russell Hanson,1922–1967,Norwood_Russell_Hanson.txt
Novalis,1772–1801,Novalis.txt
Nuel Belnap,born 1930,Nuel_Belnap.txt
Numenius of Apamea,2nd century,Numenius_of_Apamea.txt
Octave Hamelin,1856–1907,Octave_Hamelin.txt
Odo Marquard,1928–2015,Odo_Marquard.txt
Oets Kolk Bouwsma,1898–1978,Oets_Kolk_Bouwsma.txt
Ogyū Sorai,1666–1728,Ogyū_Sorai.txt
Olaf Stapledon,1886–1950,Olaf_Stapledon.txt
"Oliver Wendell Holmes, Jr.",1841–1935,"Oliver_Wendell_Holmes,_Jr..txt"
Olympiodorus the Younger,495–570,Olympiodorus_the_Younger.txt
Omar Khayyam,1048–1131,Omar_Khayyam.txt
"Onora O'Neill, Baroness O'Neill of Bengarve",born 1941,"Onora_O'Neill,_Baroness_O'Neill_of_Bengarve.txt"
Orestes Brownson,1803–1876,Orestes_Brownson.txt
Origen of Alexandria,c. 182–c. 251,Origen_of_Alexandria.txt
Oswald Külpe,1862–1915,Oswald_Külpe.txt
Oswald Spengler,1880–1936,Oswald_Spengler.txt
Othmar Spann,1878–1950,Othmar_Spann.txt
Otto Liebmann,1840–1912,Otto_Liebmann.txt
Otto Neurath,1882–1945,Otto_Neurath.txt
Otto Rühle,1874–1943,Otto_Rühle.txt
Otto Weininger,1880–1903,Otto_Weininger.txt
P. F. Strawson,1919–2006,P._F._Strawson.txt
Panaetius,c. 185 – c. 110&nbsp;BC,Panaetius.txt
Pandurang Shastri Athavale,1920–2003,Pandurang_Shastri_Athavale.txt
Paracelsus,1493–1541,Paracelsus.txt
Parmenides,5th century&nbsp;BC,Parmenides.txt
Pasquale Galluppi,1770–1846,Pasquale_Galluppi.txt
Patañjali,2nd century&nbsp;BC,Patañjali.txt
Patricia Churchland,born 1943,Patricia_Churchland.txt
Patricia Kitcher,born 1948,Patricia_Kitcher.txt
Paul Carus,1852–1919,Paul_Carus.txt
Paul Churchland,born 1942,Paul_Churchland.txt
Paul Deussen,1845–1919,Paul_Deussen.txt
Paul Edwards (philosopher),1923–2004,Paul_Edwards_(philosopher).txt
Paul Feyerabend,1924–1994,Paul_Feyerabend.txt
Paul Gerhard Natorp,1854–1924,Paul_Gerhard_Natorp.txt
Paul Grice,1913–1988,Paul_Grice.txt
Paul Horwich,born 1947,Paul_Horwich.txt
Paul Lorenzen,1915–1995,Paul_Lorenzen.txt
Paul Ramsey (ethicist),1913–1988,Paul_Ramsey_(ethicist).txt
Paul Ree,1849–1901,Paul_Ree.txt
Paul Ricœur,1913–2005,Paul_Ricœur.txt
Paul Tillich,1886–1965,Paul_Tillich.txt
Paul Valéry,1871–1945,Paul_Valéry.txt
Paul Yorck von Wartenburg,1835–1897,Paul_Yorck_von_Wartenburg.txt
Paul de Man,1919–1983,Paul_de_Man.txt
Paul of Venice,1369–1429,Paul_of_Venice.txt
Paulo Freire,1921–1997,Paulo_Freire.txt
Pavel Aleksandrovich Florenskii,1882–1937,Pavel_Aleksandrovich_Florenskii.txt
Pavel Yudin,1899–1968,Pavel_Yudin.txt
Pedro da Fonseca (philosopher),1528–1599,Pedro_da_Fonseca_(philosopher).txt
Pelagius,c. 360 – c. 435,Pelagius.txt
Percy Williams Bridgman,1882–1961,Percy_Williams_Bridgman.txt
Petar II Petrović-Njegoš,1813–1851,Petar_II_Petrović-Njegoš.txt
Peter Abelard,1079–1142,Peter_Abelard.txt
Peter Annet,1693–1769,Peter_Annet.txt
Peter Aureol,c. 1280–1322,Peter_Aureol.txt
Peter Browne (theologian),1666–1735,Peter_Browne_(theologian).txt
Peter Damian,c. 1007–1072,Peter_Damian.txt
Peter Geach,1919–2013,Peter_Geach.txt
Peter Kropotkin,1842–1921,Peter_Kropotkin.txt
Peter Lavrovitch Lavrov,1823–1900,Peter_Lavrovitch_Lavrov.txt
Peter Lombard,c. 1100 – 1160,Peter_Lombard.txt
Peter Olivi,1248–1298,Peter_Olivi.txt
Peter Singer,born 1946,Peter_Singer.txt
Peter Sloterdijk,born 1947,Peter_Sloterdijk.txt
Peter Thielst,born 1951,Peter_Thielst.txt
Peter Tudvad,born 1966,Peter_Tudvad.txt
Peter Unger,born 1942,Peter_Unger.txt
Peter Wessel Zapffe,1899–1990,Peter_Wessel_Zapffe.txt
Peter Winch,1926–1997,Peter_Winch.txt
Peter of Auvergne,13th century,Peter_of_Auvergne.txt
Peter of Spain (author),13th century; usually identified with [[Pope John XXI]],Peter_of_Spain_(author).txt
Peter van Inwagen,born 1942,Peter_van_Inwagen.txt
Petrarch,1304–1374,Petrarch.txt
Petrus Ramus,1515–1572,Petrus_Ramus.txt
Philip the Chancellor,1160–1236,Philip_the_Chancellor.txt
Philipp Melanchthon,1497–1560,Philipp_Melanchthon.txt
Philippa Foot,1920–2010,Philippa_Foot.txt
Philippe Lacoue-Labarthe,1940–2007,Philippe_Lacoue-Labarthe.txt
Philo,20&nbsp;BC–40&nbsp;AD,Philo.txt
Philo of Larissa,1st century&nbsp;BC,Philo_of_Larissa.txt
Philo of Megara,300&nbsp;BC c.,Philo_of_Megara.txt
Philo the Dialectician,c. 300&nbsp;BC,Philo_the_Dialectician.txt
Philodemus,1st century&nbsp;BC,Philodemus.txt
Philolaus,c. 480 – c. 405&nbsp;BC,Philolaus.txt
Piero Martinetti,1872–1943,Piero_Martinetti.txt
Pierre Bayle,1647–1706,Pierre_Bayle.txt
Pierre Bourdieu,1930–2002,Pierre_Bourdieu.txt
Pierre Charron,1541–1603,Pierre_Charron.txt
Pierre Daniel Huet,1630–1721,Pierre_Daniel_Huet.txt
Pierre Duhem,1861–1916,Pierre_Duhem.txt
Pierre Gassendi,1592–1655,Pierre_Gassendi.txt
Pierre Jean George Cabanis,1757–1808,Pierre_Jean_George_Cabanis.txt
Pierre Laffitte,1823–1903,Pierre_Laffitte.txt
Pierre Laromiguière,1756–1837,Pierre_Laromiguière.txt
Pierre Leroux,1798–1871,Pierre_Leroux.txt
Pierre Louis Maupertuis,1698–1759,Pierre_Louis_Maupertuis.txt
Pierre Nicole,1625–1695,Pierre_Nicole.txt
Pierre Paul Royer-Collard,1763–1845,Pierre_Paul_Royer-Collard.txt
Pierre Teilhard de Chardin,1881–1955,Pierre_Teilhard_de_Chardin.txt
Pierre d'Ailly,1350–1420,Pierre_d'Ailly.txt
Pierre-Joseph Proudhon,1809–1865,Pierre-Joseph_Proudhon.txt
Pierre-Simon Laplace,1749–1827,Pierre-Simon_Laplace.txt
Pierre-Sylvain Regis,1632–1707,Pierre-Sylvain_Regis.txt
Pietro Pomponazzi,1462–1525,Pietro_Pomponazzi.txt
Pietro Ubaldi,1886–1972,Pietro_Ubaldi.txt
Placide Tempels,1906–1977,Placide_Tempels.txt
Plato,c. 427 – c. 347&nbsp;BC,Plato.txt
Plotinus,died 270,Plotinus.txt
Plutarch,c. 45 – c. 120,Plutarch.txt
Pope Gregory I,540–604,Pope_Gregory_I.txt
Pope Silvester II,c. 950–1003,Pope_Silvester_II.txt
Porphyry (philosopher),c. 232 – c. 304,Porphyry_(philosopher).txt
Posidonius,c. 135 – 51&nbsp;BC,Posidonius.txt
Prabhat Rainjan Sarkar,1921–1990,Prabhat_Rainjan_Sarkar.txt
Proclus,412–487,Proclus.txt
Prodicus,c. 450 – 399&nbsp;BC,Prodicus.txt
Profiat Duran,c. 1349–c. 1414,Profiat_Duran.txt
Protagoras,c. 481 – 420&nbsp;BC,Protagoras.txt
Pseudo-Dionysius the Areopagite,5th century,Pseudo-Dionysius_the_Areopagite.txt
Ptolemy,c. 85 – c. 165,Ptolemy.txt
Pyotr Chaadaev,1794–1856,Pyotr_Chaadaev.txt
Pyrrho,c. 360 – c. 270,Pyrrho.txt
Pythagoras,582 – 496&nbsp;BC,Pythagoras.txt
R. G. Collingwood,1889–1943,R._G._Collingwood.txt
R. M. Hare,1919–2002,R._M._Hare.txt
R.R. Rockingham Gill,born 1944,R.R._Rockingham_Gill.txt
Rabindranath Tagore,1861–1941,Rabindranath_Tagore.txt
Radovan Richta,1924–1983,Radovan_Richta.txt
Radulphus Brito,c. 1270–c. 1320,Radulphus_Brito.txt
Rafael Gambra Ciudad,1920–2004,Rafael_Gambra_Ciudad.txt
Raimo Tuomela,1940–2020,Raimo_Tuomela.txt
Ralph Barton Perry,1876–1957,Ralph_Barton_Perry.txt
Ralph Cudworth,1617–1688,Ralph_Cudworth.txt
Ralph Waldo Emerson,1803–1882,Ralph_Waldo_Emerson.txt
Ram Gopal Varma,born 1989,Ram_Gopal_Varma.txt
Ramakrishna,1836–1886,Ramakrishna.txt
Ramanuja,1017–1137,Ramanuja.txt
Ramon Llull,1235–1315,Ramon_Llull.txt
Raya Dunayevskaya,1910–1987,Raya_Dunayevskaya.txt
Raymond Smullyan,1919–2017,Raymond_Smullyan.txt
Raymond Williams,1921–1988,Raymond_Williams.txt
Raúl Scalabrini Ortiz,1898–1959,Raúl_Scalabrini_Ortiz.txt
Reinhold Niebuhr,1892–1971,Reinhold_Niebuhr.txt
René Descartes,1596–1650,René_Descartes.txt
René Le Senne,1882–1954,René_Le_Senne.txt
Richard Avenarius,1843–1896,Richard_Avenarius.txt
Richard B. Brandt,1910–1997,Richard_B._Brandt.txt
Richard Bentley,1662–1742,Richard_Bentley.txt
Richard Brinkley,fl. 1350–1373,Richard_Brinkley.txt
Richard Burthogge,1638–1704,Richard_Burthogge.txt
Richard C. Jeffrey,1926–2002,Richard_C._Jeffrey.txt
Richard Cumberland (philosopher),1631?–1718,Richard_Cumberland_(philosopher).txt
Richard Dedekind,1831–1916,Richard_Dedekind.txt
Richard FitzRalph,c. 1300–1360,Richard_FitzRalph.txt
Richard Fumerton,born 1949,Richard_Fumerton.txt
Richard Hooker (theologian),1554–1600,Richard_Hooker_(theologian).txt
Richard Hönigswald,1875–1947,Richard_Hönigswald.txt
Richard Kilvington,1302–1361,Richard_Kilvington.txt
Richard Montague,1930–1971,Richard_Montague.txt
Richard Overton (pamphleteer),died c. 1665,Richard_Overton_(pamphleteer).txt
Richard Posner,born 1939,Richard_Posner.txt
Richard Price,1723–1791,Richard_Price.txt
Richard Rorty,1931–2007,Richard_Rorty.txt
Richard Rufus of Cornwall,1231–1259,Richard_Rufus_of_Cornwall.txt
Richard Schacht,born 1941,Richard_Schacht.txt
Richard Stanley Peters,1919–2011,Richard_Stanley_Peters.txt
Richard Swinburne,born 1934,Richard_Swinburne.txt
Richard Sylvan,1935–1996,Richard_Sylvan.txt
Richard Taylor (philosopher),1919–2003,Richard_Taylor_(philosopher).txt
Richard Wollheim,1923–2003,Richard_Wollheim.txt
Richard of Middleton,c. 1249–1306,Richard_of_Middleton.txt
Richard of St. Victor,died 1173,Richard_of_St._Victor.txt
Richard-Bevan Braithwaite,1900–1990,Richard-Bevan_Braithwaite.txt
Robert Alyngton,died 1398,Robert_Alyngton.txt
Robert Bellarmine,1542–1621,Robert_Bellarmine.txt
Robert Boyle,1627–1691,Robert_Boyle.txt
Robert Desgabets,1610–1678,Robert_Desgabets.txt
Robert Filmer,1588–1653,Robert_Filmer.txt
Robert Fludd,1574–1637,Robert_Fludd.txt
Robert Grosseteste,1175–1253,Robert_Grosseteste.txt
Robert Holcot,1290–1349,Robert_Holcot.txt
Robert J. Fogelin,1932–2016,Robert_J._Fogelin.txt
Robert Joseph Pothier,1699–1772,Robert_Joseph_Pothier.txt
Robert Kilwardby,1215–1279,Robert_Kilwardby.txt
Robert Merrihew Adams,born 1937,Robert_Merrihew_Adams.txt
Robert Nozick,1938–2001,Robert_Nozick.txt
Robert Stalnaker,born 1940,Robert_Stalnaker.txt
Roberto Ardigò,1828–1920,Roberto_Ardigò.txt
Roderick Chisholm,1916–1999,Roderick_Chisholm.txt
Rodolphus Agricola,1443–1485,Rodolphus_Agricola.txt
Roger Bacon,1214–1294,Roger_Bacon.txt
Roger Marston,1235–1303,Roger_Marston.txt
Roger Scruton,1944–2020,Roger_Scruton.txt
Roland Barthes,1915–1980,Roland_Barthes.txt
Roman Ingarden,1893–1970,Roman_Ingarden.txt
Ronald Dworkin,1931–2013,Ronald_Dworkin.txt
Ronald Fisher,1890–1962,Ronald_Fisher.txt
Rosa Luxemburg,1871–1919,Rosa_Luxemburg.txt
Roscelin of Compiègne,c. 1050–c. 1120,Roscelin_of_Compiègne.txt
Roscoe Pound,1870–1964,Roscoe_Pound.txt
Roy Wood Sellars,1880–1973,Roy_Wood_Sellars.txt
Ruan Ji,210–263,Ruan_Ji.txt
Rudi Supek,1913–1993,Rudi_Supek.txt
Rudjer Boscovich,1711–1787,Rudjer_Boscovich.txt
Rudolf Bultmann,1884–1976,Rudolf_Bultmann.txt
Rudolf Carnap,1891–1970,Rudolf_Carnap.txt
Rudolf Christoph Eucken,1846–1926,Rudolf_Christoph_Eucken.txt
Rudolf Otto,1869–1937,Rudolf_Otto.txt
Rudolf Steiner,1861–1925,Rudolf_Steiner.txt
Rudolf von Jhering,1818–1892,Rudolf_von_Jhering.txt
Rudolph Goclenius,1547–1628,Rudolph_Goclenius.txt
Ruth Barcan Marcus,1921–2012,Ruth_Barcan_Marcus.txt
Ruth Millikan,born 1933,Ruth_Millikan.txt
Réginald Garrigou-Lagrange,1887–1964,Réginald_Garrigou-Lagrange.txt
Régis Debray,born 1940,Régis_Debray.txt
Saadia Gaon,892–942,Saadia_Gaon.txt
Sakya Pandita,1182–1251,Sakya_Pandita.txt
Salomon Maimon,1753–1800,Salomon_Maimon.txt
Samuel Alexander,1859–1938,Samuel_Alexander.txt
Samuel Bold,1649–1737,Samuel_Bold.txt
Samuel Butler (1835–1902),1835–1902,Samuel_Butler_(1835–1902).txt
Samuel Clarke,1675–1729,Samuel_Clarke.txt
Samuel Johnson,1709–1784,Samuel_Johnson.txt
Samuel Johnson (Columbia),1696–1772,Samuel_Johnson_(Columbia).txt
Samuel Johnson (pamphleteer),1649–1703,Samuel_Johnson_(pamphleteer).txt
Samuel Pufendorf,1632–1694,Samuel_Pufendorf.txt
Samuel Taylor Coleridge,1772–1834,Samuel_Taylor_Coleridge.txt
Samuel ibn Tibbon,c. 1165 – 1232,Samuel_ibn_Tibbon.txt
Sandra Harding,born 1935,Sandra_Harding.txt
Sarvepalli Radhakrishnan,1888–1975,Sarvepalli_Radhakrishnan.txt
Saul Kripke,born 1940,Saul_Kripke.txt
Scott Soames,born 1946,Scott_Soames.txt
Sebastian Franck,1499–1542,Sebastian_Franck.txt
Seiichi Hatano,1877–1950,Seiichi_Hatano.txt
Semën Liudvigovich Frank,1877–1950,Semën_Liudvigovich_Frank.txt
Seneca the Younger,c. 4 BC–AD 65,Seneca_the_Younger.txt
Sengzhao,384–414,Sengzhao.txt
Sergei Bulgakov,1871–1944,Sergei_Bulgakov.txt
Sergey Nechayev,1847–1882,Sergey_Nechayev.txt
Sergio Bagú,1911–2002,Sergio_Bagú.txt
Sextus Empiricus,2nd/3rd century,Sextus_Empiricus.txt
Shadworth Hodgson,1832–1912,Shadworth_Hodgson.txt
Shah Wali Allah,1703–1762,Shah_Wali_Allah.txt
Shahab al-Din Yahya ibn Habash Suhrawardi,1154–1191,Shahab_al-Din_Yahya_ibn_Habash_Suhrawardi.txt
Shang Yang,died 338 BC,Shang_Yang.txt
Shantideva,8th century,Shantideva.txt
Shao Yung,1011–1077,Shao_Yung.txt
Shen Buhai,died 337 BC,Shen_Buhai.txt
Shen Dao,c. 350 – 275 BC,Shen_Dao.txt
Shinran,1173–1261,Shinran.txt
Shri Madhvacharya,1238–1317,Shri_Madhvacharya.txt
Shriharsha,12th c.,Shriharsha.txt
Sidney Hook,1902–1989,Sidney_Hook.txt
Sigerus of Brabant,1240–1284,Sigerus_of_Brabant.txt
Sigmund Freud,1856–1939,Sigmund_Freud.txt
Simeon Duran,1361–1444,Simeon_Duran.txt
Simon Blackburn,born 1944,Simon_Blackburn.txt
Simon Foucher,1644–1696,Simon_Foucher.txt
Simon of Faversham,c. 1260–1306,Simon_of_Faversham.txt
Simone Weil,1909–1943,Simone_Weil.txt
Simone de Beauvoir,1908–1986,Simone_de_Beauvoir.txt
Simplicius of Cilicia,early 6th century,Simplicius_of_Cilicia.txt
"Sir William Hamilton, 9th Baronet",1788–1856,"Sir_William_Hamilton,_9th_Baronet.txt"
Slavoj Žižek,born 1949,Slavoj_Žižek.txt
Socrates,470–399 BC,Socrates.txt
Solomon Ibn Gabirol,1021–1058,Solomon_Ibn_Gabirol.txt
Sophie de Condorcet,1764–1822,Sophie_de_Condorcet.txt
Speusippus,410–339 BC,Speusippus.txt
Sri Aurobindo,1872–1950,Sri_Aurobindo.txt
Stanislaw Lesniewski,1886–1939,Stanislaw_Lesniewski.txt
Stanislaw Staszic,1755–1826,Stanislaw_Staszic.txt
Stanisław Ignacy Witkiewicz,1885–1939,Stanisław_Ignacy_Witkiewicz.txt
Stanley Cavell,1926–2018,Stanley_Cavell.txt
Stephen Stich,born 1944,Stephen_Stich.txt
Stilpo,c. 360 – c. 280 BC,Stilpo.txt
Strato of Lampsacus,c. 340 – c. 268 BC,Strato_of_Lampsacus.txt
Stuart Hampshire,1914–2004,Stuart_Hampshire.txt
Sun Tzu,c. 5th century BC,Sun_Tzu.txt
Sun Yat-sen,1866–1925,Sun_Yat-sen.txt
Susan Haack,born 1945,Susan_Haack.txt
Susan Mendus,born 1951,Susan_Mendus.txt
Susanne Langer,1895–1985,Susanne_Langer.txt
Svetozar Marković,1846–1875,Svetozar_Marković.txt
Swami Vivekananda,1863–1902,Swami_Vivekananda.txt
Sydney Shoemaker,born 1931,Sydney_Shoemaker.txt
Syed Zafarul Hasan,1885–1949,Syed_Zafarul_Hasan.txt
Syrianus,5th century,Syrianus.txt
Søren Kierkegaard,1813–1855,Søren_Kierkegaard.txt
T'an Ssu-t'ung,1864–1898,T'an_Ssu-t'ung.txt
T. M. Scanlon,born 1940,T._M._Scanlon.txt
T. S. Eliot,1888–1965,T._S._Eliot.txt
Tadeusz Kotarbiński,1886–1981,Tadeusz_Kotarbiński.txt
Tai Chen,1724–1777,Tai_Chen.txt
Tanabe Hajime,1885–1962,Tanabe_Hajime.txt
Terence Irwin,born 1947,Terence_Irwin.txt
Teresa of Avila,1515–1582,Teresa_of_Avila.txt
Tertullian,c. 160 – c. 220,Tertullian.txt
Thales,c. 635 – 543 BC,Thales.txt
Themistius,317–387,Themistius.txt
Theodor Adorno,1903–1969,Theodor_Adorno.txt
Theodor Lipps,1851–1914,Theodor_Lipps.txt
Theodore Parker,1810–1860,Theodore_Parker.txt
Theodorus of Cyrene,c. 465 – 398 BC,Theodorus_of_Cyrene.txt
Theophrastus,372–287 BC,Theophrastus.txt
Thierry of Chartres,fl. c. 1130–1150,Thierry_of_Chartres.txt
Thom Brooks,born 1973,Thom_Brooks.txt
Thomas Aquinas,1225–1274,Thomas_Aquinas.txt
Thomas Bradwardine,c. 1290–1349,Thomas_Bradwardine.txt
Thomas Brown (philosopher),1778–1820,Thomas_Brown_(philosopher).txt
Thomas Cajetan,1469–1534,Thomas_Cajetan.txt
Thomas Carlyle,1795–1881,Thomas_Carlyle.txt
Thomas Chubb,1679–1747,Thomas_Chubb.txt
Thomas Henry Huxley,1825–1895,Thomas_Henry_Huxley.txt
Thomas Hill Green,1836–1882,Thomas_Hill_Green.txt
Thomas Hobbes,1588–1679,Thomas_Hobbes.txt
Thomas Jefferson,1743–1826,Thomas_Jefferson.txt
Thomas Malthus,1766–1834,Thomas_Malthus.txt
Thomas More,1478–1535,Thomas_More.txt
Thomas Morgan (deist),died 1743,Thomas_Morgan_(deist).txt
Thomas Nagel,born 1937,Thomas_Nagel.txt
Thomas Paine,1737–1809,Thomas_Paine.txt
Thomas Percival,1740–1804,Thomas_Percival.txt
Thomas Reid,1710–1796,Thomas_Reid.txt
Thomas Samuel Kuhn,1922–1996,Thomas_Samuel_Kuhn.txt
Thomas Spencer Baynes,1823–1887,Thomas_Spencer_Baynes.txt
Thomas White (philosopher),1593–1676,Thomas_White_(philosopher).txt
Thomas of Erfurt,14th century,Thomas_of_Erfurt.txt
Thomas of York (Franciscan),13th century,Thomas_of_York_(Franciscan).txt
Thomas à Kempis,1380–1471,Thomas_à_Kempis.txt
Thome H. Fang,1899–1976,Thome_H._Fang.txt
Thoralf Skolem,1887–1963,Thoralf_Skolem.txt
Thrasymachus,5th century BC,Thrasymachus.txt
Thucydides,c. 460 – c. 400 BC,Thucydides.txt
Théodore Simon Jouffroy,1796–1842,Théodore_Simon_Jouffroy.txt
Timaeus of Locri,5th century BC,Timaeus_of_Locri.txt
Timon (philosopher),c. 300 BC,Timon_(philosopher).txt
Timothy L.S. Sprigge,1932–2007,Timothy_L.S._Sprigge.txt
Timothy Williamson,born 1955,Timothy_Williamson.txt
Toju Nakae,1608–1648,Toju_Nakae.txt
Tominaga Nakamoto,1715–1746,Tominaga_Nakamoto.txt
Tommaso Campanella,1568–1639,Tommaso_Campanella.txt
Tomáš Masaryk,1850–1937,Tomáš_Masaryk.txt
Tyler Burge,born 1946,Tyler_Burge.txt
Tzvetan Todorov,1939–2017,Tzvetan_Todorov.txt
Udayana,11th century,Udayana.txt
Uddyotakara,6th century,Uddyotakara.txt
Uisang,625–702,Uisang.txt
Ulrich of Strasbourg,1220–1277,Ulrich_of_Strasbourg.txt
Umberto Eco,1932–2016,Umberto_Eco.txt
Uppaluri Gopala Krishnamurti,1918–2007,Uppaluri_Gopala_Krishnamurti.txt
Urbanus Rhegius,1489–1541,Urbanus_Rhegius.txt
Uriel da Costa,1585–1640,Uriel_da_Costa.txt
Valentin Feldman,1909–1942,Valentin_Feldman.txt
Valentin Ferdinandovich Asmus,1894–1975,Valentin_Ferdinandovich_Asmus.txt
Valentin Voloshinov,1895–1936,Valentin_Voloshinov.txt
Valentinius,c. 100 – c. 153,Valentinius.txt
Valentino Annibale Pastore,1868–1956,Valentino_Annibale_Pastore.txt
Vallabhacharya,1479–1531,Vallabhacharya.txt
Vasily Rozanov,1856–1919,Vasily_Rozanov.txt
Vasubandhu,4th century,Vasubandhu.txt
Vatsyayana,5th century,Vatsyayana.txt
Victor Cousin,1792–1867,Victor_Cousin.txt
Victor Serge,1890–1947,Victor_Serge.txt
"Victoria, Lady Welby",1837–1912,"Victoria,_Lady_Welby.txt"
Vilfredo Pareto,1848–1923,Vilfredo_Pareto.txt
Vincent Descombes,born 1943,Vincent_Descombes.txt
Vincenzo Gioberti,1801–1852,Vincenzo_Gioberti.txt
Virgil Aldrich,1903–1998,Virgil_Aldrich.txt
Virginia Held,born 1929,Virginia_Held.txt
Vissarion Belinsky,1811–1848,Vissarion_Belinsky.txt
Vital Du Four,1260–1327,Vital_Du_Four.txt
Vladimir Jankélévitch,1903–1985,Vladimir_Jankélévitch.txt
Vladimir Lenin,1870–1924,Vladimir_Lenin.txt
Vladimir Solovyov (philosopher),1853–1900,Vladimir_Solovyov_(philosopher).txt
Voltaire,1694–1778,Voltaire.txt
Vyacheslav Ivanov (poet),1866–1949,Vyacheslav_Ivanov_(poet).txt
W. E. B. Du Bois,1868–1963,W._E._B._Du_Bois.txt
W. V. O. Quine,1908–2000,W._V._O._Quine.txt
Walter Benjamin,1892–1940,Walter_Benjamin.txt
Walter Burley,c. 1275–c. 1345,Walter_Burley.txt
Walter Charleton,1619–1707,Walter_Charleton.txt
Walter Chatton,1290–1343,Walter_Chatton.txt
Walter Kaufmann (philosopher),1921–1980,Walter_Kaufmann_(philosopher).txt
Walter Pater,1839–1904,Walter_Pater.txt
Walter Terence Stace,1886–1967,Walter_Terence_Stace.txt
Wang Bi,226–249,Wang_Bi.txt
Wang Ch'ung (philosopher),27–97,Wang_Ch'ung_(philosopher).txt
Wang Fuzhi,1619–1692,Wang_Fuzhi.txt
Wang Yangming,1472–1529,Wang_Yangming.txt
Watsuji Tetsuro,1889–1960,Watsuji_Tetsuro.txt
Weonhyo,617–686,Weonhyo.txt
Werner Heisenberg,1901–1976,Werner_Heisenberg.txt
Wesley Newcomb Hohfeld,1879–1918,Wesley_Newcomb_Hohfeld.txt
Wesley Salmon,1925–2001,Wesley_Salmon.txt
Wilfrid Sellars,1912–1989,Wilfrid_Sellars.txt
Wilhelm Dilthey,1833–1911,Wilhelm_Dilthey.txt
Wilhelm Ostwald,1853–1932,Wilhelm_Ostwald.txt
Wilhelm Reich,1897–1957,Wilhelm_Reich.txt
Wilhelm Windelband,1848–1915,Wilhelm_Windelband.txt
Wilhelm Wundt,1832–1920,Wilhelm_Wundt.txt
Wilhelm von Humboldt,1767–1835,Wilhelm_von_Humboldt.txt
Will Durant,1885–1981,Will_Durant.txt
William Alston,1921–2009,William_Alston.txt
William Blackstone,1723–1780,William_Blackstone.txt
William Blake,1757–1827,William_Blake.txt
William Chillingworth,1602–1644,William_Chillingworth.txt
William Crathorn,14th century,William_Crathorn.txt
William David Ross,1877–1971,William_David_Ross.txt
William Ellery Channing,1780–1842,William_Ellery_Channing.txt
William Ernest Hocking,1873–1966,William_Ernest_Hocking.txt
William Ernest Johnson,1858–1931,William_Ernest_Johnson.txt
William Godwin,1756–1836,William_Godwin.txt
William Harvey,1578–1657,William_Harvey.txt
William Hazlitt,1778–1830,William_Hazlitt.txt
William James,1842–1910,William_James.txt
William K. Frankena,1908–1994,William_K._Frankena.txt
William Kingdon Clifford,1845–1879,William_Kingdon_Clifford.txt
William Kneale (logician),1906–1990,William_Kneale_(logician).txt
William Law,1686–1761,William_Law.txt
William Lycan,born 1945,William_Lycan.txt
William McDougall (psychologist),1871–1938,William_McDougall_(psychologist).txt
William Paley,1743–1805,William_Paley.txt
William Pepperell Montague,1873–1953,William_Pepperell_Montague.txt
William Ralph Inge,1860–1954,William_Ralph_Inge.txt
William Ritchie Sorley,1855–1935,William_Ritchie_Sorley.txt
William S. Sahakian,1922–1986,William_S._Sahakian.txt
William Stanley Jevons,1835–1882,William_Stanley_Jevons.txt
William Temple (archbishop),1881–1944,William_Temple_(archbishop).txt
William Thompson (Cork),1775–1833,William_Thompson_(Cork).txt
William Torrey Harris,1835–1909,William_Torrey_Harris.txt
William Whewell,1794–1866,William_Whewell.txt
William Wollaston,1659–1724,William_Wollaston.txt
William of Alnwick,1270–1333,William_of_Alnwick.txt
"William of Auvergne, Bishop of Paris",1180–1249,"William_of_Auvergne,_Bishop_of_Paris.txt"
William of Auxerre,died 1231,William_of_Auxerre.txt
William of Champeaux,c. 1070 – 1121,William_of_Champeaux.txt
William of Conches,c. 1080 – 1154,William_of_Conches.txt
William of Heytesbury,1313–1373,William_of_Heytesbury.txt
William of Moerbeke,c. 1215 – 1286,William_of_Moerbeke.txt
William of Ockham,c. 1285–1349,William_of_Ockham.txt
William of Shyreswood,1190–1249,William_of_Shyreswood.txt
Wladyslaw Tatarkiewicz,1886–1980,Wladyslaw_Tatarkiewicz.txt
Wolfgang Köhler,1887–1967,Wolfgang_Köhler.txt
Wolfhart Pannenberg,1928–2014,Wolfhart_Pannenberg.txt
Wonchuk,613–696,Wonchuk.txt
Woo Tsin-hang,1865–1953,Woo_Tsin-hang.txt
Xavier Zubiri,1889–1983,Xavier_Zubiri.txt
Xenocrates,396–314 BC,Xenocrates.txt
Xenophon,427–355 BC,Xenophon.txt
Xu Xing (philosopher),c. 300 BC,Xu_Xing_(philosopher).txt
Xun Zi,c. 310–237 BC,Xun_Zi.txt
Yahya ibn Adi,893–974,Yahya_ibn_Adi.txt
Yajnavalkya,c. 1800 BC,Yajnavalkya.txt
Yan Yuan (Qing dynasty),1635–1704,Yan_Yuan_(Qing_dynasty).txt
Yang Chu,370–319 BC,Yang_Chu.txt
Yang Xiong (author),died 338 BC,Yang_Xiong_(author).txt
Yehuda Halevi,c. 1085–1141,Yehuda_Halevi.txt
Yeshayahu Leibowitz,1903–1994,Yeshayahu_Leibowitz.txt
Yi Hwang,1501–1570,Yi_Hwang.txt
Yi I,1536–1584,Yi_I.txt
Yohanan ben Isaac Alemanno,1433–1504,Yohanan_ben_Isaac_Alemanno.txt
Zeami Motokiyo,c. 1363 – c. 1443,Zeami_Motokiyo.txt
Zeno of Citium,333–264 BC,Zeno_of_Citium.txt
Zeno of Elea,c. 495 – c. 430 BC,Zeno_of_Elea.txt
Zeno of Sidon,1st century BC,Zeno_of_Sidon.txt
Zeno of Tarsus,fl. 200 BC,Zeno_of_Tarsus.txt
Zhiyi,538–597,Zhiyi.txt
Zhou Guoping,born 1945,Zhou_Guoping.txt
Zhu Xi,1130–1200,Zhu_Xi.txt
Zhuang Zhou,circa 300 BC,Zhuang_Zhou.txt
Zongmi,780–841,Zongmi.txt
Zou Yan,3rd century BC,Zou_Yan.txt
al-Tawhidi,c. 930 – 1023,al-Tawhidi.txt
Ágnes Heller,1929–2019,Ágnes_Heller.txt
Álvaro Vieira Pinto,1909–1987,Álvaro_Vieira_Pinto.txt
Ángel Cappelletti,1927–1995,Ángel_Cappelletti.txt
Émile Durkheim,1858–1917,Émile_Durkheim.txt
Émile Littré,1801–1881,Émile_Littré.txt
Émile Saisset,1814–1863,Émile_Saisset.txt
Émilie du Châtelet,1706–1749,Émilie_du_Châtelet.txt
Éric Weil,1904–1977,Éric_Weil.txt
Étienne Balibar,born 1942,Étienne_Balibar.txt
Étienne Bonnot de Condillac,1715–1780,Étienne_Bonnot_de_Condillac.txt
Étienne Gilson,1884–1978,Étienne_Gilson.txt
Śāntarakṣita,725–788,Śāntarakṣita.txt
